Author, Basename, URL, Title, ForumTopic
VanessaE, pipeworks, https://github.com/VanessaE/pipeworks/, [Mod] Pipeworks [20131128] [pipeworks] - Minetest Forums, http://forum.minetest.net/viewtopic.php?f=11&t=2155
Sokomine, travelnet, https://github.com/Sokomine/travelnet/, [Mod] travelnet teleporters/bookmarks [2.0][travelnet] - Minetest Forums, http://forum.minetest.net/viewtopic.php?f=11&t=4877
RealBadAngel, technic, https://github.com/minetest-technic/technic/, [Mod] Technic [0.4.11] [technic] - Minetest Forums, http://forum.minetest.net/viewtopic.php?f=11&t=2538
LorenzoVulcan, lulzpack, http://forkforge.net/proj.6, [Mod] Lulzpack | Blockforge 2# [Beta 7] [lulzpack] - Minetest Forums, http://forum.minetest.net/viewtopic.php?f=11&t=3907
Joz, railcorridors, https://github.com/UgnilJoZ/RailCorridors/, [Mod] Minecraft-like railway corridors [railcorridors] - Minetest Forums, http://forum.minetest.net/viewtopic.php?f=11&t=10225
addi, cannons, https://bitbucket.org/kingarthursteam/cannons/, [MOD] cannons with a lot of features! [2.5] [cannons] - Minetest Forums, http://forum.minetest.net/viewtopic.php?f=11&t=7744
Jeija, minetest-mod-digilines, https://github.com/Jeija/minetest-mod-digilines/, [Mod] Digilines [minetest-mod-digilines] - Minetest Forums, http://forum.minetest.net/viewtopic.php?f=11&t=5263
kaeza, xban2, https://github.com/kaeza/minetest-xban2/, [Mod] Extended Ban v2 [xban2] - Minetest Forums, http://forum.minetest.net/viewtopic.php?f=11&t=9315
BlockMen, pyramids, https://github.com/BlockMen/pyramids/, [Mod] Pyramids [0.4 beta] [pyramids] - Minetest Forums, http://forum.minetest.net/viewtopic.php?f=11&t=7063
TenPlus1, mobs, https://github.com/tenplus1/mobs/, [Mod] Mobs Redo [1.14] [mobs] - Minetest Forums, http://forum.minetest.net/viewtopic.php?f=11&t=9917
Wuzzy, hbhunger, https://repo.or.cz/w/minetest_hbhunger/, [Mod] Hunger with HUD bar [0.3.2] [hbhunger] - Minetest Forums, http://forum.minetest.net/viewtopic.php?f=11&t=11336
BlockMen, bone, https://www.dropbox.com/s/olhvzbqlq2tgtnt/bone-0_3-BlockMen.zip, [Mod] Bones and bonemeal [0.3 beta] [bone] - Minetest Forums, http://forum.minetest.net/viewtopic.php?f=11&t=5429
rubenwardy, food, https://github.com/rubenwardy/food/, [Mod] Food [2.3] [food]   restructuring - Minetest Forums, http://forum.minetest.net/viewtopic.php?f=11&t=2960
Sokomine, cottages, https://github.com/Sokomine/cottages/, [Mod] cottages [cottages] (medieval farming country life) - Minetest Forums, http://forum.minetest.net/viewtopic.php?f=11&t=5120
VanessaE, unified_inventory, https://github.com/minetest-technic/unified_inventory/, [Mod] Unified Inventory [git][unified_inventory] - Minetest Forums, http://forum.minetest.net/viewtopic.php?f=11&t=12767
HeroOfTheWinds, mobspawn, https://github.com/HeroOfTheWinds/mobspawn/, [Mod] Mob Spawners [0.9.5] [mobspawn] - Minetest Forums, http://forum.minetest.net/viewtopic.php?f=11&t=10555
jp, xdecor, https://github.com/kilbith/xdecor/, [Mod] X-Decor [git] [xdecor] - Minetest Forums, http://forum.minetest.net/viewtopic.php?f=11&t=12534
VanessaE, moretrees, https://github.com/VanessaE/moretrees/, [Mod] More Trees! [20140807] [moretrees] - Minetest Forums, http://forum.minetest.net/viewtopic.php?f=11&t=4394
Echoes91, throwing, https://gitlab.com/echoes91/throwing/, [Mod] Throwing enhanced [1.3] [throwing] - Minetest Forums, http://forum.minetest.net/viewtopic.php?f=11&t=11437
TeTpaAka, quests, https://github.com/TeTpaAka/quests/, [Mod] Quest framework [1.1] [quests] - Minetest Forums, http://forum.minetest.net/viewtopic.php?f=11&t=11265
Chinchow, ethereal, https://github.com/4aiman/ethereal/, [Mod] Ethereal [1.07] [ethereal] - Minetest Forums, http://forum.minetest.net/viewtopic.php?f=11&t=7656
ShadowNinja, nuke, https://github.com/ShadowNinja/nuke/, [Mod] Fast powerful explosives [git] [nuke] - Minetest Forums, http://forum.minetest.net/viewtopic.php?f=11&t=9742
BlockMen, hunger, https://github.com/BlockMen/hunger/, [Modpack] Better HUD (and hunger) [2.1.3] [hud][hunger] - Minetest Forums, http://forum.minetest.net/viewtopic.php?f=11&t=6342
Kilarin, compassgps, https://github.com/Kilarin/compassgps/, [Mod] Compass GPS [compassgps] - Minetest Forums, http://forum.minetest.net/viewtopic.php?f=11&t=9373
paramat, moonrealm, https://github.com/paramat/moonrealm/, [Mod] Moon realm [0.9.2] [moonrealm] - Minetest Forums, http://forum.minetest.net/viewtopic.php?f=11&t=6329
Zeg9, inventory_plus, https://github.com/Zeg9/minetest-inventory_plus/, [Mod] Inventory++ [github] [inventory_plus] - Minetest Forums, http://forum.minetest.net/viewtopic.php?f=11&t=6204
portals, lift, https://github.com/portals94/Minetest-lift-addon/, [Mod] Lifts [0.3.3] [lift] - Minetest Forums, http://forum.minetest.net/viewtopic.php?f=11&t=8882
Sokomine, replacer, https://github.com/Sokomine/replacer/, [Mod] exchange/replace nodes with one click [replacer] - Minetest Forums, http://forum.minetest.net/viewtopic.php?f=11&t=4676
sapier, monorail, https://github.com/sapier/monorail/, [Mod] Monorail [0.1.2] [monorail] - Minetest Forums, http://forum.minetest.net/viewtopic.php?f=11&t=730
Mossmanikin, prehistoric, https://github.com/Mossmanikin/prehistoric/, [Mod] Prehistoric [0.1.8] [prehistoric] - Minetest Forums, http://forum.minetest.net/viewtopic.php?f=11&t=6338
tinoesroho, Animalsmod, http://www.mediafire.com/?isbfh3i9x4m7ia9, [Mod][Animalsmod] Vombie Spawner! - Minetest Forums, http://forum.minetest.net/viewtopic.php?f=11&t=2764
stu, minetest-3d_armor, https://github.com/stujones11/minetest-3d_armor/, [Modpack] 3D Armor [0.4.4] [minetest-3d_armor] - Minetest Forums, http://forum.minetest.net/viewtopic.php?f=11&t=4654
VanessaE, homedecor_modpack, https://github.com/VanessaE/homedecor_modpack/, [Modpack] Home Decor [git] [homedecor_modpack] - Minetest Forums, http://forum.minetest.net/viewtopic.php?f=11&t=2041
Mossmanikin, fishing, https://github.com/Mossmanikin/fishing/, [Mod] Fishing! - Mossmanikin's version [0.2.2] [fishing] - Minetest Forums, http://forum.minetest.net/viewtopic.php?f=11&t=6480
Jeija, minetest-mod-mesecons, https://github.com/Jeija/minetest-mod-mesecons/, [Mod] Mesecons (= redstone) [GitHub] [minetest-mod-mesecons] - Minetest Forums, http://forum.minetest.net/viewtopic.php?f=11&t=628
TenPlus1, simple_skins, https://github.com/tenplus1/simple_skins/, [Mod] Simple Skins [0.3] [simple_skins] - Minetest Forums, http://forum.minetest.net/viewtopic.php?f=11&t=9100
TenPlus1, protector, https://github.com/tenplus1/protector/, [Mod] Protector Redo [1.0] [protector] - Minetest Forums, http://forum.minetest.net/viewtopic.php?f=11&t=9376
bobomb, automata, https://github.com/bobombolo/automata/, [Mod] Cellular Automata [0.1.0] [automata] - Minetest Forums, http://forum.minetest.net/viewtopic.php?f=11&t=12421
cornernote, craft_guide, https://github.com/cornernote/minetest-craft_guide/, [Mod] Craft Guide [craft_guide] - Shows crafts for all loaded mods. - Minetest Forums, http://forum.minetest.net/viewtopic.php?f=11&t=2334
ch98, mudslide, http://adf.ly/bqZ0C, [Mod] Mud Slide [2.6] [mudslide] - Minetest Forums, http://forum.minetest.net/viewtopic.php?f=11&t=5691
srifqi, banondie, https://github.com/srifqi/banondie/, [Mod] Banned on Die [0.1] [banondie] - Minetest Forums, http://forum.minetest.net/viewtopic.php?f=11&t=10940
HeroOfTheWinds, lockpicks, https://github.com/HeroOfTheWinds/lockpicks/, [Mod] Lockpicks [lockpicks] [0.9] - Minetest Forums, http://forum.minetest.net/viewtopic.php?f=11&t=9224
Calinou, moreores, https://github.com/calinou/moreores/, [Mod] More Ores [moreores] - Minetest Forums, http://forum.minetest.net/viewtopic.php?f=11&t=549
Don, mymillwork, https://github.com/DonBatman/mymillwork/, [Mod] Millwork [mymillwork] - Minetest Forums, http://forum.minetest.net/viewtopic.php?f=11&t=10425
VanessaE, plantlife_modpack, https://github.com/VanessaE/plantlife_modpack/, [Modpack] Plantlife [rolling release] [plantlife_modpack] - Minetest Forums, http://forum.minetest.net/viewtopic.php?f=11&t=3898
HeroOfTheWinds, skylands, https://github.com/HeroOfTheWinds/skylands-master/, [Mod] Skylands [4.2.1] [skylands] - Minetest Forums, http://forum.minetest.net/viewtopic.php?f=11&t=9152
rubenwardy, vote, https://github.com/rubenwardy/vote/, [Mod] Vote (with Kick voting) [0.1] [vote] - an API - Minetest Forums, http://forum.minetest.net/viewtopic.php?f=11&t=12829
paramat, canyon, https://github.com/paramat/canyon/, [Mod] Canyon river systems [0.4.1] [canyon] - Minetest Forums, http://forum.minetest.net/viewtopic.php?f=11&t=4901
Pavel_S, helicopter, http://goo.gl/HrG5bP, [Mod] Simple helicopter [helicopter] - Minetest Forums, http://forum.minetest.net/viewtopic.php?f=11&t=6183
stu, meshnode, https://github.com/stujones11/meshnode/, [Mod] Meshnodes [0.2.0] [meshnode] - Minetest Forums, http://forum.minetest.net/viewtopic.php?f=11&t=8059
TenPlus1, teleport_potion, https://github.com/tenplus1/teleport_potion/, [Mod] Teleport Potion [0.3] [teleport_potion] - Minetest Forums, http://forum.minetest.net/viewtopic.php?f=11&t=9234
Hybrid Dog, treecapitator, https://github.com/HybridDog/treecapitator/, [Mod] TreeCapitator [treecapitator] - Minetest Forums, http://forum.minetest.net/viewtopic.php?f=11&t=4772
lag01, chat2, https://github.com/AndrejIT/chat2/, [Mod] Chat2 [0.1.0] [chat2] - Minetest Forums, http://forum.minetest.net/viewtopic.php?f=11&t=12654
TenPlus1, farming, https://github.com/tenplus1/farming/, [Mod] Farming Redo [1.20] [farming] - Minetest Forums, http://forum.minetest.net/viewtopic.php?f=11&t=9019
Dan Duncombe, camo_modpack, https://github.com/DanDuncombe/camo_modpack/, [Mod] Camouflage [V16.0] [camo_modpack] - Minetest Forums, http://forum.minetest.net/viewtopic.php?f=11&t=6609
technomancy, calandria, https://github.com/technomancy/calandria/, Subject: [Mod] Calandria [0.1.0-RC1] [calandria] - Minetest Forums, http://forum.minetest.net/viewtopic.php?f=11&t=12705
kaeza, firearms, https://github.com/kaeza/mt-firearms/, [Mod] Firearms [0.2.0] [firearms] - Minetest Forums, http://forum.minetest.net/viewtopic.php?f=11&t=4562
cornernote, node_owner, https://github.com/cornernote/minetest-node_owner/, [Mod] Node Owner [20120817][node_owner] - auto node protection - Minetest Forums, http://forum.minetest.net/viewtopic.php?f=11&t=2800
Sokomine, compass, https://github.com/Sokomine/compass/, [Mod] Compass [compass] - Minetest Forums, http://forum.minetest.net/viewtopic.php?f=11&t=3489
Calinou, maptools, https://github.com/calinou/maptools/, [Mod] Map Tools [maptools] - Minetest Forums, http://forum.minetest.net/viewtopic.php?f=11&t=1882
Casimir, gemalde, https://github.com/CasimirKaPazi/gemalde/, [Mod] Paintings Pictures and Animations [gemalde] - Minetest Forums, http://forum.minetest.net/viewtopic.php?f=11&t=4635
MirceaKitsune, minetest_mods_creatures, https://github.com/MirceaKitsune/minetest_mods_creatures/, [Mod] Creatures [git] [minetest_mods_creatures] - Minetest Forums, http://forum.minetest.net/viewtopic.php?f=11&t=9240
Wuzzy, inventory_icon, https://repo.or.cz/w/minetest_inventory_icon/, [Mod] Inventory Icon [1.0.1] [inventory_icon] - Minetest Forums, http://forum.minetest.net/viewtopic.php?f=11&t=12358
sofar, Crops, https://github.com/sofar/crops/, [Mod] Crops [Crops] - (Farming|Food|Cooking) - Minetest Forums, http://forum.minetest.net/viewtopic.php?f=11&t=11795
GunshipPenguin, sprint, https://github.com/GunshipPenguin/sprint/, [Mod] Sprint [sprint] - Minetest Forums, http://forum.minetest.net/viewtopic.php?f=11&t=9650
PilzAdam, nether, https://github.com/PilzAdam/nether/, [Mod] Nether [nether] - Minetest Forums, http://forum.minetest.net/viewtopic.php?f=11&t=5790
Evergreen, quartz, https://github.com/4Evergreen4/quartz/, [Mod] Quartz [github] [quartz] - Minetest Forums, http://forum.minetest.net/viewtopic.php?f=11&t=5682
Mossmanikin, memorandum, https://github.com/Mossmanikin/memorandum/, [Mod] Write on Paper [0.1.1] [memorandum] - Minetest Forums, http://forum.minetest.net/viewtopic.php?f=11&t=6945
Sokomine, apartment, https://github.com/Sokomine/apartment/, [Mod] Rent apartment with chests etc. [apartment] - Minetest Forums, http://forum.minetest.net/viewtopic.php?f=11&t=8606
Neuromancer, ambience, https://github.com/Neuromancer56/MinetestAmbience/, [Mod] Immersive Sounds [.36] [ambience] - Minetest Forums, http://forum.minetest.net/viewtopic.php?f=11&t=2807
dgm5555, mapit, https://github.com/dgm3333/mapit/, [Mod] MapIt [1.2] [mapit]   another mapping mod - Minetest Forums, http://forum.minetest.net/viewtopic.php?f=11&t=9219
paramat, paragenv7, https://github.com/paramat/paragenv7/, [Mod] Alternative biomes for mgv5 mgv7 [0.5.1] [paragenv7] - Minetest Forums, http://forum.minetest.net/viewtopic.php?f=11&t=7366
Wuzzy, bedrock2, https://repo.or.cz/w/minetest_bedrock2/, [Mod] Indestructible Bedrock Layer [1.0.0] [bedrock2] - Minetest Forums, http://forum.minetest.net/viewtopic.php?f=11&t=11271
MirceaKitsune, minetest_mods_structures, https://github.com/MirceaKitsune/minetest_mods_structures/, [Mod] Structures [git] [minetest_mods_structures] - Minetest Forums, http://forum.minetest.net/viewtopic.php?f=11&t=5524
desvox, orewood, https://github.com/desvox/orewood/, [Mod] OreWood: Grow ore from the trees! [1.1] [orewood] - Minetest Forums, http://forum.minetest.net/viewtopic.php?f=11&t=12093
Jeija, slimes, https://github.com/Jeija/minetest-mod-slimes/, [Mod] Slimes [GitHub] [slimes] - Minetest Forums, http://forum.minetest.net/viewtopic.php?f=11&t=2979
Menche, external_cmd, https://github.com/Menche/external_cmd/, [Mod] External Commands [2] [external_cmd] - Minetest Forums, http://forum.minetest.net/viewtopic.php?f=11&t=3924
VanessaE, nixie_tubes, https://github.com/VanessaE/nixie_tubes/, [Mod] Nixie Tubes [nixie_tubes][git] - Minetest Forums, http://forum.minetest.net/viewtopic.php?f=11&t=12537
HeroOfTheWinds, caverealms, https://github.com/HeroOfTheWinds/minetest-caverealms/, [mod] Underground Realms [0.8] [caverealms] - Minetest Forums, http://forum.minetest.net/viewtopic.php?f=11&t=9522
paramat, watershed, https://github.com/paramat/watershed/, [Mod] River / mountain range mapgen [0.5.0] [watershed] - Minetest Forums, http://forum.minetest.net/viewtopic.php?f=11&t=8609
GloopMaster, glooptest, https://github.com/GloopMaster/glooptest/, [ModPack][0.0.4] GloopTest Pack! [glooptest] - Minetest Forums, http://forum.minetest.net/viewtopic.php?f=11&t=4345
AgentNagel42, beacon, https://drive.google.com/open?id=0B0hWVTX88TGHRXVJMU02dzl1c2s&authuser=0, [Mod] Simple Beacons [1.1] [beacon] - Minetest Forums, http://forum.minetest.net/viewtopic.php?f=11&t=12041
martian, hiking, https://github.com/csonto/hiking/, [Mod] Hiking [hiking] - Minetest Forums, http://forum.minetest.net/viewtopic.php?f=11&t=12633
Sokomine, mobf_trader, https://github.com/Sokomine/mobf_trader/, [Mod] Traders [mobf_trader] - Minetest Forums, http://forum.minetest.net/viewtopic.php?f=11&t=9013
lag01, chat_anticurse, https://github.com/AndrejIT/chat_anticurse/, [Mod] Chat anticurse [0.1.1] [chat_anticurse] - Minetest Forums, http://forum.minetest.net/viewtopic.php?f=11&t=12617
PilzAdam, mobs, https://github.com/PilzAdam/mobs/, [Mod] Simple Mobs [mobs] - Minetest Forums, http://forum.minetest.net/viewtopic.php?f=11&t=3063
ds-2k, modmenu, https://github.com/bhull2010/minetest-mod-modmenu/, [Mod] Mod menu  [0.2] [modmenu] - Minetest Forums, http://forum.minetest.net/viewtopic.php?f=11&t=5824
BlockMen, creatures, https://github.com/BlockMen/creatures/, [Mod] Creatures [1.1.4 beta] [creatures] - Minetest Forums, http://forum.minetest.net/viewtopic.php?f=11&t=8638
PilzAdam, farming_plus, https://github.com/PilzAdam/farming_plus/, [Mod] Farming Plus [farming_plus] - Minetest Forums, http://forum.minetest.net/viewtopic.php?f=11&t=2787
paramat, flexrealm, https://github.com/paramat/flexrealm/, [Mod] Universal geometry realm [0.4.4] [flexrealm] - Minetest Forums, http://forum.minetest.net/viewtopic.php?f=11&t=7887
Splizard, snow, https://github.com/Splizard/minetest-mod-snow/, [Mod] Snow Biomes [3.2] [snow] - Minetest Forums, http://forum.minetest.net/viewtopic.php?f=11&t=2290
Zeg9, protector, https://github.com/Zeg9/minetest-protect/archive/master.zip, [Mod] Protector [protector] - Minetest Forums, http://forum.minetest.net/viewtopic.php?f=11&t=4212
minermoder27, fertiliser, https://github.com/minermoder27/minetest-fertiliser/, [Mod] Fertiliser [0.1.6] [fertiliser] - Minetest Forums, http://forum.minetest.net/viewtopic.php?f=11&t=7866
srifqi, superflat, https://github.com/srifqi/superflat/, [Mod] Superflat MapGen [1.2] [superflat] - Minetest Forums, http://forum.minetest.net/viewtopic.php?f=11&t=9772
Topywo, sea, https://dl.dropboxusercontent.com/u/65428713/sea.0.4.2.zip, [Modpack] Sea [0.4.2] [sea] - Minetest Forums, http://forum.minetest.net/viewtopic.php?f=11&t=4627
jin_xi, painting, https://github.com/obneq/painting/, [Mod] Painting [painting] [0.8] - Minetest Forums, http://forum.minetest.net/viewtopic.php?f=11&t=2588
GunshipPenguin, serveressentials, https://github.com/gunshippenguin/serveressentials/, [Mod] Server Essentials [serveressentials] - Minetest Forums, http://forum.minetest.net/viewtopic.php?f=11&t=12445
Calinou, moreblocks, https://github.com/calinou/moreblocks/, [Mod] More Blocks [moreblocks] - Minetest Forums, http://forum.minetest.net/viewtopic.php?f=11&t=509
Krock, boost_cart, https://github.com/SmallJoker/boost_cart/, [Mod] Boost cart [boost_cart] - Minetest Forums, http://forum.minetest.net/viewtopic.php?f=11&t=10172
paramat, pathv6alt, https://github.com/paramat/pathv6alt/, [Mod] Path bridge tunnel network [0.2.9] [pathv6alt] - Minetest Forums, http://forum.minetest.net/viewtopic.php?f=11&t=10064
Don, mycorners, https://github.com/DonBatman/mycorners/, [Mod] mycorners [mycorners] - Minetest Forums, http://forum.minetest.net/viewtopic.php?f=11&t=11363
Doc, birthstones, http://tffs.castraponere.com/files/minetest/birthstones-mod-1.2.zip, [Mod] Birthstones [birthstones] - Minetest Forums, http://forum.minetest.net/viewtopic.php?f=11&t=3663
VanessaE, ilights, https://github.com/VanessaE/ilights/, [Mod] Industrial Lights [git][ilights] - Minetest Forums, http://forum.minetest.net/viewtopic.php?f=11&t=12200
minetesting, steel, https://github.com/VanessaE/minetest-steel/, [Mod] Steel [0.2] [steel] - Minetest Forums, http://forum.minetest.net/viewtopic.php?f=11&t=2014
wulfsdad, fishing, http://mirkolinux.wordpress.com/2011/12/03/rope-mod-for-minetest/, [MOD] Fishing! [v0.2][fishing] - Minetest Forums, http://forum.minetest.net/viewtopic.php?f=11&t=4375
Calinou, bedrock, https://dl.dropboxusercontent.com/u/82342922/minetest/carbone-mods/bedrock.zip, [Mod] Bedrock [bedrock] - Minetest Forums, http://forum.minetest.net/viewtopic.php?f=11&t=9231
stu, shooter, https://github.com/stujones11/shooter/, [Mod] Simple Shooter [0.5.3] [shooter] - Minetest Forums, http://forum.minetest.net/viewtopic.php?f=11&t=7846
Krock, u_skins, https://github.com/SmallJoker/minetest-u_skinsdb/, [Mod] Skins for unified_inventory [u_skins] - Minetest Forums, http://forum.minetest.net/viewtopic.php?f=11&t=9807
Wuzzy, playereffects, https://repo.or.cz/w/minetest_playereffects/, [Mod] Player Effects [1.1.1] [playereffects] - Minetest Forums, http://forum.minetest.net/viewtopic.php?f=11&t=9689
ShadowNinja, areas, https://github.com/ShadowNinja/areas/, [Mod] Advanced area protection [areas] - Minetest Forums, http://forum.minetest.net/viewtopic.php?f=11&t=7239
srifqi, advancedban, https://github.com/srifqi/advancedban/, [Mod] Advanced Ban [advancedban] [0.2] - Minetest Forums, http://forum.minetest.net/viewtopic.php?f=11&t=10823
Wuzzy, hudbars, https://repo.or.cz/w/minetest_hudbars/, [Mod] HUD bars [1.2.1] [hudbars] - Minetest Forums, http://forum.minetest.net/viewtopic.php?f=11&t=11153
Wuzzy, mana, https://repo.or.cz/w/minetest_mana/, [Mod] Mana [1.1.0] [mana] - Minetest Forums, http://forum.minetest.net/viewtopic.php?f=11&t=11154
Sokomine, colormachine, https://github.com/Sokomine/colormachine/, [Mod] Spray Booth / Color Machine [colormachine] - Minetest Forums, http://forum.minetest.net/viewtopic.php?f=11&t=6670
paramat, landup, https://github.com/paramat/landup/, [Mod] Mountain ranges [0.4.5] [landup] - Minetest Forums, http://forum.minetest.net/viewtopic.php?f=11&t=4534
Calinou, carbone_mobs, https://github.com/calinou/carbone_mobs/, [Mod] Mobs [carbone_mobs]   fast and simple mobs - Minetest Forums, http://forum.minetest.net/viewtopic.php?f=11&t=9656
PilzAdam, carts, https://github.com/PilzAdam/carts/, [Mod] Carts [carts] - Minetest Forums, http://forum.minetest.net/viewtopic.php?f=11&t=2451
red, books_plus, https://forum.minetest.net/download/file.php?mode=view&id=2690, [Mod] Books plus [books_plus] - Minetest Forums, http://forum.minetest.net/viewtopic.php?f=11&t=12140
kaeza, irc, https://github.com/kaeza/minetest-irc/, [Mod] IRC Chat (Huge rewrite!) [irc] - Minetest Forums, http://forum.minetest.net/viewtopic.php?f=11&t=3905
Jeija, throwing, https://github.com/Jeija/minetest-mod-throwing/, [Mod] Throwing [0.13] [throwing] - Minetest Forums, http://forum.minetest.net/viewtopic.php?f=11&t=687
red, nyancats_plus, https://forum.minetest.net/download/file.php?mode=view&id=2649, [mod]Nyancats plus[nyancats_plus] - Minetest Forums, http://forum.minetest.net/viewtopic.php?f=11&t=12106
BlockMen, torches, https://github.com/BlockMen/torches/, [Mod] Torches [3.0] [torches] - Minetest Forums, http://forum.minetest.net/viewtopic.php?f=11&t=6099
jojoa1997, special_tools, https://github.com/jojoa1997/special_tools/, [Mod] Special Tools [special_tools] [0.3] - Minetest Forums, http://forum.minetest.net/viewtopic.php?f=11&t=4444
Rui, carpets, https://github.com/Rui914/carpets/, [Modpack] Carpets [carpets] - Minetest Forums, http://forum.minetest.net/viewtopic.php?f=11&t=11637
Neuromancer, phonics, https://github.com/Neuromancer56/phonics/, [Mod] Learn how to read [phonics] - Minetest Forums, http://forum.minetest.net/viewtopic.php?f=11&t=4237
sfan5, worldedit, https://github.com/Uberi/MineTest-WorldEdit/, [Mod] WorldEdit [1.0] [worldedit] {GitHub} - Minetest Forums, http://forum.minetest.net/viewtopic.php?f=11&t=572
sofar, sedimentology-mt, https://github.com/sofar/sedimentology-mt/, [Mod] Sedimentology [sedimentology-mt] - Minetest Forums, http://forum.minetest.net/viewtopic.php?f=11&t=11028
Amaz, interact, https://github.com/Amaz1/interact/, [Mod] Interact [interact] - Minetest Forums, http://forum.minetest.net/viewtopic.php?f=11&t=11200
srifqi, amgmt, https://github.com/srifqi/amgmt/, [Mod] Another Mapgen for Minetest [0.6.1] [amgmt] - Minetest Forums, http://forum.minetest.net/viewtopic.php?f=11&t=10055
addi, arrow_signs, https://bitbucket.org/adrido/arrow_signs/, [Mod] Arrow signs [arrow_signs][4.2] [26.04.2015] - Minetest Forums, http://forum.minetest.net/viewtopic.php?f=11&t=3353
LandMine, uranium, http://minus.com/lmwvh2puEerlk, [Mod] UraniumMod [0.4] [uranium] - Minetest Forums, http://forum.minetest.net/viewtopic.php?f=11&t=2234
jojoa1997, peaceful_npc, https://github.com/jojoa1997/peaceful_npc/, [Mod] Peaceful NPC [1.8.5.1] [peaceful_npc] - Minetest Forums, http://forum.minetest.net/viewtopic.php?f=11&t=4167
prestidigitator, prestibags, https://github.com/prestidigitator/minetest-mod-prestibags/, [Mod] Prestibags [1.0] [prestibags] - Minetest Forums, http://forum.minetest.net/viewtopic.php?f=11&t=5026
Minetestforfun, spidermob, https://github.com/Ombridride/minetest-spidermob-v1/, [Mod] Spider extracted from lottmobs [1.0] [spidermob] - Minetest Forums, http://forum.minetest.net/viewtopic.php?f=11&t=10045
cornernote, towntest, https://github.com/cornernote/minetest-towntest/, [Mod] Towntest [towntest] - Grow a town in minetest. - Minetest Forums, http://forum.minetest.net/viewtopic.php?f=11&t=3223
Hybrid Dog, sumpf, https://github.com/HybridDog/sumpf/, [Mod] Swamps [sumpf] - Minetest Forums, http://forum.minetest.net/viewtopic.php?f=11&t=3616
paramat, riverdev, https://github.com/paramat/riverdev/, [Mod] Ridges rivers and paths mapgen [0.7.2] [riverdev] - Minetest Forums, http://forum.minetest.net/viewtopic.php?f=11&t=9210
PilzAdam, item_drop, https://github.com/PilzAdam/item_drop/, [Mod] Minecraft like item drop/pick up [item_drop] - Minetest Forums, http://forum.minetest.net/viewtopic.php?f=11&t=2656
BlockMen, crafting, https://www.dropbox.com/s/s1c4zpekpxmy52n/craftingpack-2_0_1-BlockMen.zip, [Mod] Crafting [2.0.1] [crafting] - Minetest Forums, http://forum.minetest.net/viewtopic.php?f=11&t=5641
minermoder27, buildtest, https://github.com/minermoder27/minetest-buildtest/, [Mod] BuildTest - Buildcraft for Minetest [0.2] [buildtest] - Minetest Forums, http://forum.minetest.net/viewtopic.php?f=11&t=7799
slemon, chain_transfer, https://github.com/slemonide/chain_transfer/, [Mod] chain transfer [0.2] [chain_transfer] - Minetest Forums, http://forum.minetest.net/viewtopic.php?f=11&t=11734
mtmodder148, more_coal, https://github.com/MT-Modder/more_coal/, [Mod] More Coal [git] [more_coal] - Minetest Forums, http://forum.minetest.net/viewtopic.php?f=11&t=10661
BlockMen, beds, https://github.com/BlockMen/beds/, [Mod] Beds (complete rewrite) [1.1] [beds] - Minetest Forums, http://forum.minetest.net/viewtopic.php?f=11&t=9881
Calinou, names_per_ip, https://dl.dropboxusercontent.com/u/82342922/minetest/carbone-mods/names_per_ip.zip, [Mod] Names per IP [names_per_ip] - Minetest Forums, http://forum.minetest.net/viewtopic.php?f=11&t=9768
Sokomine, markers, https://github.com/Sokomine/markers/, [Mod] markers - gui for areas mod [0.2][markers] - Minetest Forums, http://forum.minetest.net/viewtopic.php?f=11&t=8175
Don, myroofs, https://github.com/DonBatman/myroofs/, [Mod] myroofs [myroofs] - Minetest Forums, http://forum.minetest.net/viewtopic.php?f=11&t=11416
vitaminx, pizza, https://github.com/vitaminx/pizza/, [Mod] Pizza [pizza] - Minetest Forums, http://forum.minetest.net/viewtopic.php?f=11&t=11625
paramat, noisegrid, https://github.com/paramat/noisegrid/, [Mod] City grid roads paths mapgen [0.3.10] [noisegrid] - Minetest Forums, http://forum.minetest.net/viewtopic.php?f=11&t=9296
xyz, sethome, https://github.com/downloads/xyzz/minetest-mods/sethome.zip, [Mod] Sethome [sethome] - Minetest Forums, http://forum.minetest.net/viewtopic.php?f=11&t=741
srifqi, carpet3d, https://github.com/srifqi/carpet3d/, [Mod] Carpet [0.3] [carpet3d] - Minetest Forums, http://forum.minetest.net/viewtopic.php?f=11&t=10180
BlockMen, invtweak, https://github.com/BlockMen/invtweak/, [Mod] Inventory Tweaks [2.0.1] [beta] [invtweak] - Minetest Forums, http://forum.minetest.net/viewtopic.php?f=11&t=5694
RacsoRhodes, travelpoints, https://github.com/RacsoRhodes/travelpoints/, [Mod] Travelpoints [1.4] [travelpoints] - Minetest Forums, http://forum.minetest.net/viewtopic.php?f=11&t=8021
Semmett9, scaffolding, https://bitbucket.org/Infinatum/scaffolding/, [Mod] Say Goodbye To Dirt Scaffolding [scaffolding] - Minetest Forums, http://forum.minetest.net/viewtopic.php?f=11&t=11290
GunshipPenguin, afkkick, https://github.com/GunshipPenguin/afkkick/, [Mod] Afk Kick [afkkick]   Automatically kick afk players - Minetest Forums, http://forum.minetest.net/viewtopic.php?f=11&t=10919
Don, mypaths, https://github.com/DonBatman/mypaths/, [Mod] mypaths [mypaths] - Minetest Forums, http://forum.minetest.net/viewtopic.php?f=11&t=11388
cheapie, plasticbox, https://github.com/cheapie/plasticbox/, [Mod] Plastic Box [plasticbox] - Minetest Forums, http://forum.minetest.net/viewtopic.php?f=11&t=7783
fz72, fancy_elevator, https://github.com/fz72/elevator, [Mod] Elevator [0.2] [fancy_elevator] - Minetest Forums, http://forum.minetest.net/viewtopic.php?f=11&t=11295
jp, realclocks, https://forum.minetest.net/download/file.php?mode=view&id=2154, [Mod] Real Clocks [realclocks] - Minetest Forums, http://forum.minetest.net/viewtopic.php?f=11&t=11385
Mitroman, killer, https://github.com/Mitroman/killer/, [Mod] Killer Virus [0.4] [github] [killer] - Minetest Forums, http://forum.minetest.net/viewtopic.php?f=11&t=8980
Zeg9, zcg, https://github.com/Zeg9/minetest-zcg/, [Mod] Zeg9's craft guide [github] [zcg] - Minetest Forums, http://forum.minetest.net/viewtopic.php?f=11&t=5564
philipbenr, castles, https://github.com/Philipbenr/castles/, [Mod] Castles++ : Yet another fork [0.4.8] [castles] - Minetest Forums, http://forum.minetest.net/viewtopic.php?f=11&t=9894
Krock, bitchange, https://github.com/SmallJoker/bitchange/, [Mod] BitChange (money) [bitchange] - Minetest Forums, http://forum.minetest.net/viewtopic.php?f=11&t=7821
Don, mywoodslopes, https://github.com/DonBatman/mywoodslopes/, [Mod] mywoodslopes [mywoodslopes] - Minetest Forums, http://forum.minetest.net/viewtopic.php?f=11&t=11433
Argos, rotate, https://github.com/Rogier-5/minetest-mod-rotate/, [Mod] Wrench - node rotation tool [1.2] [rotate] - Minetest Forums, http://forum.minetest.net/viewtopic.php?f=11&t=11162
Bas080, plants, https://github.com/bas080/plants/, [Mod] Plants [3.5][plants] - Minetest Forums, http://forum.minetest.net/viewtopic.php?f=11&t=2619
est31, kickall, https://github.com/est31/kickall/, [Mod] Kick all users on server shutdown [kickall] - Minetest Forums, http://forum.minetest.net/viewtopic.php?f=11&t=11161
Bas080, vines, https://github.com/bas080/vines/, [Mod] Vines and Rope [2.3] [vines] - Minetest Forums, http://forum.minetest.net/viewtopic.php?f=11&t=2344
mtmodder148, hydroponics, https://github.com/MT-Modder/hydroponics/, [Mod] Hydroponics [git] [hydroponics] - Minetest Forums, http://forum.minetest.net/viewtopic.php?f=11&t=11129
Bad_Command_, teleporter, https://github.com/Bad-Command/teleporter/, [Mod] Teleporter Mod [1.07] [teleporter] - Minetest Forums, http://forum.minetest.net/viewtopic.php?f=11&t=2149
Dan Duncombe, tbm, https://github.com/DanDuncombe/tbm_mod/, [Mod] TBM Reloaded! [0.5][tbm] - Minetest Forums, http://forum.minetest.net/viewtopic.php?f=11&t=7065
GJH105775, Marble_Blocks, http://dc737.4shared.com/download/ENDkqFDJba/init__1_.lua?tsid=20150225-012235-ef80c1be&lgfp=2000, [Mod] xtrablocks [0.0.1] [Marble_Blocks] New File Host - Minetest Forums, http://forum.minetest.net/viewtopic.php?f=11&t=3257
sfan5, nuke, https://dl.dropboxusercontent.com/u/30267315/Minetest/nuke1.6.zip, [Mod] Nuke Mod [1.6] [nuke] - Minetest Forums, http://forum.minetest.net/viewtopic.php?f=11&t=638
Don, cutepie, https://github.com/DonBatman/cutepie/, [mod]Cutepie Mod[cutepie] - Minetest Forums, http://forum.minetest.net/viewtopic.php?f=11&t=10307
Mossmanikin, altertrunks, https://www.dropbox.com/s/hdr4ck4u2un10hx/altertrunks-0.1.6.zip, [Mod] Alternative Trunks [0.1.6] [altertrunks] - Minetest Forums, http://forum.minetest.net/viewtopic.php?f=11&t=6111
Wuzzy, slimenodes, https://repo.or.cz/w/minetest_slimenodes/, [Mod] Slime blocks and liquids [1.0.0] [slimenodes] - Minetest Forums, http://forum.minetest.net/viewtopic.php?f=11&t=10423
Calinou, gauges, https://dl.dropboxusercontent.com/u/82342922/minetest/carbone-mods/gauges.zip, [Mod] Gauges [gauges] - Minetest Forums, http://forum.minetest.net/viewtopic.php?f=11&t=10250
CraigyDavi, bacon, https://github.com/CraigyDavi/bacon/, [Mod] Bacon [bacon] - Minetest Forums, http://forum.minetest.net/viewtopic.php?f=11&t=8965
indriApollo, thecube, https://github.com/indriApollo/thecube/, [Mod] The Cube minigame [thecube] - Minetest Forums, http://forum.minetest.net/viewtopic.php?f=11&t=10609
Wuzzy, teletool, https://repo.or.cz/w/minetest_teletool/, [Mod] Point Teleporter [1.1] [teletool] - Minetest Forums, http://forum.minetest.net/viewtopic.php?f=11&t=9629
Wuzzy, basic_hud, https://repo.or.cz/w/minetest_basic_hud/, [Mod] Basic HUD textures [1.0.0] [basic_hud] - Minetest Forums, http://forum.minetest.net/viewtopic.php?f=11&t=11176
Wuzzy, playermodel, https://repo.or.cz/w/minetest_playermodel/, [Mod] Player Model [1.1.0] [playermodel] - Minetest Forums, http://forum.minetest.net/viewtopic.php?f=11&t=10349
paramat, noise23, https://github.com/paramat/noise23/, [Mod] Mapgen framework/example [0.2.0] [noise23] - Minetest Forums, http://forum.minetest.net/viewtopic.php?f=11&t=8628
Wuzzy, pep, https://repo.or.cz/w/minetest_pep/, [Mod] Pep: Player Effects Potions [1.0.0] [pep] - Minetest Forums, http://forum.minetest.net/viewtopic.php?f=11&t=10222
maikerumine, badplayer, https://github.com/maikerumine/badplayer/, [Mod] PvP Characters to fight! [0.1.1] [badplayer] - Minetest Forums, http://forum.minetest.net/viewtopic.php?f=11&t=11143
paramat, mesecar, https://github.com/paramat/mesecar/, [Mod] Cubic microcar [0.3.3] [mesecar] - Minetest Forums, http://forum.minetest.net/viewtopic.php?f=11&t=7967
Wuzzy, ltool, https://repo.or.cz/w/minetest_ltool/, [Mod] L-System Tree Utility [1.0.1] [ltool] - Minetest Forums, http://forum.minetest.net/viewtopic.php?f=11&t=9458
PilzAdam, signs, https://github.com/PilzAdam/signs/, [Mod] Reworked signs from xyz [signs] - Minetest Forums, http://forum.minetest.net/viewtopic.php?f=11&t=3289
DevynCJohnson, nuclear_material, https://github.com/DevynCJohnson/DCJ-Minetest-Mods, [Mod] Nuclear Material [nuclear_material] - Minetest Forums, http://forum.minetest.net/viewtopic.php?f=11&t=9622
prestidigitator, luacmd, https://github.com/prestidigitator/minetest-mod-luacmd/, [Mod] LuaCmd [luacmd] - Minetest Forums, http://forum.minetest.net/viewtopic.php?f=11&t=9671
Jeija, weather, https://github.com/Jeija/minetest-mod-weather/, [Mod] Weather (Snow Rain) [weather] - Minetest Forums, http://forum.minetest.net/viewtopic.php?f=11&t=5245
mtmodder148, misc_stuff, https://github.com/MT-Modder/misc_stuff/, [Mod] Misc. Stuff [git] [misc_stuff] - Minetest Forums, http://forum.minetest.net/viewtopic.php?f=11&t=10660
Excalibur Zero, moretechnictools, https://github.com/ExcaliburZero/moretechnictools/, [Mod] More Technic Tools [moretechnictools] - Minetest Forums, http://forum.minetest.net/viewtopic.php?f=11&t=11094
YoukaiCountry, startlocation, https://github.com/nbcwell/startlocation/, [Mod] Server Start Location [1.2] [startlocation] - Minetest Forums, http://forum.minetest.net/viewtopic.php?f=11&t=10994
0gb.us, chests_0gb_us, http://0gb.us/minetest/download.php?plugin=chests_0gb_us-0.0, [Mod] More Chests [0.0] [chests_0gb_us] - Minetest Forums, http://forum.minetest.net/viewtopic.php?f=11&t=4366
Krock, yappy, https://github.com/SmallJoker/yappy/, [Mod] Again a Lua mapgen [yappy] - Minetest Forums, http://forum.minetest.net/viewtopic.php?f=11&t=9834
BlockMen, fences, https://www.dropbox.com/s/xa047i3ha16thyx/fences-1_0-BlockMen.zip, [Mod] Fences [1.0] [fences] - Minetest Forums, http://forum.minetest.net/viewtopic.php?f=11&t=5016
cornernote, bags, https://github.com/cornernote/minetest-bags/, [Mod] Bags [bags] Attach bags to your inventory to increase storarage. - Minetest Forums, http://forum.minetest.net/viewtopic.php?f=11&t=3081
Sokomine, locked_travelnet, https://github.com/Sokomine/locked_travelnet/, [Mod] Locked Travelnet [locked_travelnet] (for PvP-servers) - Minetest Forums, http://forum.minetest.net/viewtopic.php?f=11&t=8026
indriApollo, spleef, https://github.com/indriApollo/spleef/, [Mod] Spleef minigame [spleef] - Minetest Forums, http://forum.minetest.net/viewtopic.php?f=11&t=10612
drkwv, minetest_hardcorebrix, https://github.com/yetanotherusernamebecausegithubisbugged/minetest_hardcorebrix/, [Mod] Hardcore  Bx [0.1.3] [minetest_hardcorebrix] - Minetest Forums, http://forum.minetest.net/viewtopic.php?f=11&t=9673
Casimir, vortoj, https://github.com/CasimirKaPazi/vortoj/, [Mod] Translate Item Definitions [vortoj] - Minetest Forums, http://forum.minetest.net/viewtopic.php?f=11&t=8497
sirken, laser_mod, https://github.com/sirken/laser_mod/, [Mod] Laser Sword [0.3] [laser_mod] - Minetest Forums, http://forum.minetest.net/viewtopic.php?f=11&t=10642
paramat, snowdrift, https://github.com/paramat/snowdrift/, [Mod] Snowfall rainfall settling snow [0.3.0] [snowdrift] - Minetest Forums, http://forum.minetest.net/viewtopic.php?f=11&t=6854
Kalabasa, furnace_time, https://github.com/Kalabasa/furnace_time/, [Mod] Time-sensitive Furnace [furnace_time] - Minetest Forums, http://forum.minetest.net/viewtopic.php?f=11&t=10954
paramat, levels, https://github.com/paramat/levels/, [Mod] Levels [0.2.6] [levels] - Minetest Forums, http://forum.minetest.net/viewtopic.php?f=11&t=10888
rommiekerova, kerova, https://www.dropbox.com/s/gfzyyup5twvxevq/%5BMod%5D%20Kerova%20%5Bv1.2%5D.zip, [Mod] Kerova [1.2] [kerova] - Minetest Forums, http://forum.minetest.net/viewtopic.php?f=11&t=8054
crazyginger72, xmas, https://github.com/crazyginger72/xmas/, [Mod] Giant Xmas Tree [1.1] [xmas] - Minetest Forums, http://forum.minetest.net/viewtopic.php?f=11&t=10807
artur99, secret, http://artur99.hostyd.com/minetest/secret/downloadv03.php, [Mod] Secret Mod [0.3] [secret] - Minetest Forums, http://forum.minetest.net/viewtopic.php?f=11&t=4930
PilzAdam, player_textures, https://github.com/PilzAdam/player_textures/, [Mod] Different textures for players [player_textures] - Minetest Forums, http://forum.minetest.net/viewtopic.php?f=11&t=3587
lag01, kick_voting, https://github.com/AndrejIT/kick_voting/, [Mod] Kick voting [0.1] [kick_voting] - Minetest Forums, http://forum.minetest.net/viewtopic.php?f=11&t=10803
paramat, meru, https://github.com/paramat/meru/, [Mod] Mount Meru 2 km tower/mountain [0.3.0] [meru] - Minetest Forums, http://forum.minetest.net/viewtopic.php?f=11&t=5159
ashenk69, specialties, https://github.com/metalstache/specialties/, [Mod] Specialties [3.5] [specialties] - Minetest Forums, http://forum.minetest.net/viewtopic.php?f=11&t=3343
Kilarin, bridgetool, https://github.com/Kilarin/bridgetool/, [Mod] Bridge Tool [bridgetool] -- for easy bridge building - Minetest Forums, http://forum.minetest.net/viewtopic.php?f=11&t=9126
JBR, chatlog, https://dl.dropboxusercontent.com/s/ovm7jws376i801h/chatlog.zip?token_hash=AAGx1_ypQ3aZCyb_ftBj2Mh1dSwcyci2ngXrevonI5Kz7w&dl=1, [Mod] Chat log [chatlog] - Minetest Forums, http://forum.minetest.net/viewtopic.php?f=11&t=6220
paramat, subterrain, https://github.com/paramat/subterrain/, [Mod] Fast generating caverns [0.1.1] [subterrain] - Minetest Forums, http://forum.minetest.net/viewtopic.php?f=11&t=9601
Hybrid Dog, outgame_intervention, https://github.com/HybridDog/outgame_intervention/, [closed] outgame intervention [outgame_intervention] - Minetest Forums, http://forum.minetest.net/viewtopic.php?f=11&t=10809
paramat, paragen, https://github.com/paramat/paragen/, [Mod] Lua mapgen [0.4.1] [paragen] - Minetest Forums, http://forum.minetest.net/viewtopic.php?f=11&t=6736
thefamilygrog66, magicbeans, https://github.com/thefamilygrog66/magicbeans/, [Mod] Magic Beans [magicbeans] [1.1] - Minetest Forums, http://forum.minetest.net/viewtopic.php?f=11&t=7307
LemonLake, factory, https://bitbucket.org/LemonLake/factory/, [Mod] Factory [0.5.0.1] [factory] - Minetest Forums, http://forum.minetest.net/viewtopic.php?f=11&t=9277
mtmodder148, better_snow, https://github.com/MT-Modder/better_snow/, [Mod] Better Snow [git] [better_snow] - Minetest Forums, http://forum.minetest.net/viewtopic.php?f=11&t=10659
cactuz_pl, future_ban, http://pastebin.com/VS80Mukh, [Mod] Future ban [future_ban] - ability to ban offline players - Minetest Forums, http://forum.minetest.net/viewtopic.php?f=11&t=4268
stu, classes, https://github.com/stujones11/minetest-classes/, [Mod] Player Classes [0.1.3] [classes] - Minetest Forums, http://forum.minetest.net/viewtopic.php?f=11&t=5119
Krock, simple_protection, https://github.com/SmallJoker/simple_protection/, [Mod] Simple protection [simple_protection] - Minetest Forums, http://forum.minetest.net/viewtopic.php?f=11&t=9035
crazyginger72, fireworks, https://github.com/crazyginger72/fireworks/, [Mod] Fireworks [3.0] [fireworks] - Minetest Forums, http://forum.minetest.net/viewtopic.php?f=11&t=10046
Calinou, soccer, https://dl.dropboxusercontent.com/u/82342922/minetest/carbone-mods/soccer.zip, [Mod] Soccer [soccer] - Minetest Forums, http://forum.minetest.net/viewtopic.php?f=11&t=9662
lag01, spawn_command, https://github.com/AndrejIT/spawn_command/, [Mod] Spawn command [0.1][spawn_command] - Minetest Forums, http://forum.minetest.net/viewtopic.php?f=11&t=10668
indriApollo, simple_warp, https://github.com/indriApollo/simple_warp/, [Mod] warp [simple_warp] - Minetest Forums, http://forum.minetest.net/viewtopic.php?f=11&t=10681
Hybrid Dog, riesenpilz, https://github.com/HybridDog/riesenpilz/, [Mod] Giant Mushroom/ Mushrooms [riesenpilz] - Minetest Forums, http://forum.minetest.net/viewtopic.php?f=11&t=3862
mtmodder148, better_gravel, https://github.com/MT-Modder/better_gravel/, [Mod] Better Gravel [git] [better_gravel] - Minetest Forums, http://forum.minetest.net/viewtopic.php?f=11&t=10658
addi, teleporter, https://bitbucket.org/kingarthursteam/teleporter/, [Mod] Teleport Player and Items to other places [teleporter] - Minetest Forums, http://forum.minetest.net/viewtopic.php?f=11&t=10620
Sanchez, blox, https://www.dropbox.com/s/nbq5en3sw4swjs8/blox0.7.zip, [Mod] Blox Mod - Now with more cobble! [0.7] [blox] - Minetest Forums, http://forum.minetest.net/viewtopic.php?f=11&t=1960
PilzAdam, throwing, https://github.com/PilzAdam/throwing/, [Mod] Throwing PilzAdam version [throwing] - Minetest Forums, http://forum.minetest.net/viewtopic.php?f=11&t=2805
RabbiBob, bobblocks, https://github.com/rabbibob/BobBlocks/, [Mod] BobBlocks [v0.0.8] [20130305] [bobblocks] - Minetest Forums, http://forum.minetest.net/viewtopic.php?f=11&t=1274
paramat, meseor, https://github.com/paramat/meseor/, [Mod] Meseor impacts [0.2.0] [meseor] - Minetest Forums, http://forum.minetest.net/viewtopic.php?f=11&t=5930
Mitroman, pie, https://github.com/Mitroman/pie/, [Mod] Pie (is not a lie ;) ) [0.35] [pie] - Minetest Forums, http://forum.minetest.net/viewtopic.php?f=11&t=9533
Zeg9, skins, https://github.com/Zeg9/minetest-skins/, [Mod] In-game skin switching [skins] - Minetest Forums, http://forum.minetest.net/viewtopic.php?f=11&t=4147
VanessaE, coloredwood, https://github.com/VanessaE/coloredwood/, [Mod] Colored Woods [20140617] [coloredwood] - Minetest Forums, http://forum.minetest.net/viewtopic.php?f=11&t=2411
lisacvuk, tables, https://github.com/lisacvuk/Minetest-Tables/, [Mod] Tables [1.2] [tables] - Minetest Forums, http://forum.minetest.net/viewtopic.php?f=11&t=10556
thefamilygrog66, mccarball, https://github.com/thefamilygrog66/mccarball/, [Mod] Mob Catching Ball [1.1] [mccarball] - Minetest Forums, http://forum.minetest.net/viewtopic.php?f=11&t=10374
Evergreen, trash_can, https://github.com/4Evergreen4/trash_can/, [Mod] Trash Can [github] [trash_can] - Minetest Forums, http://forum.minetest.net/viewtopic.php?f=11&t=6315
darkrose, candles, http://sandbox.ltmnet.com/downloads/minetest_mods/candles.zip, [Mod] Bees and Candles [0.1] [candles] - Minetest Forums, http://forum.minetest.net/viewtopic.php?f=11&t=4491
indriApollo, screwdiver, https://github.com/indriApollo/screwdriver/, [Mod] Unbreakable screwdriver [screwdiver] - Minetest Forums, http://forum.minetest.net/viewtopic.php?f=11&t=10535
paramat, webworld, https://github.com/paramat/webworld/, [Mod] Webworld [0.1.1] [webworld] - Minetest Forums, http://forum.minetest.net/viewtopic.php?f=11&t=10481
Calinou, carbone_torches, https://github.com/calinou/carbone_torches/, [Mod] Torches [carbone_torches]   client-side 3D torches - Minetest Forums, http://forum.minetest.net/viewtopic.php?f=11&t=10465
BlockMen, gate, https://github.com/BlockMen/gate/, [Mod] Simple Fence gate [1.0] [gate] - Minetest Forums, http://forum.minetest.net/viewtopic.php?f=11&t=9932
BlockMen, dplus, https://www.dropbox.com/s/s2tg2bv2lwggey4/dplus-1_1_2-BlockMen.zip, [Mod] Default Plus [1.1.2] [dplus] - Minetest Forums, http://forum.minetest.net/viewtopic.php?f=11&t=6033
TenPlus1, bakedclay, https://github.com/tenplus1/bakedclay/, [Mod] Baked Clay [0.3] [bakedclay] - Minetest Forums, http://forum.minetest.net/viewtopic.php?f=11&t=8890
Pavel_S, airship, https://dl.dropboxusercontent.com/s/8p1vgqs7s8nfc8w/flyingmachine.rar?token_hash=AAEk6K0gLFWJw6ZlK1mkI0aY84I6pHm7JKKuxe9_j7KTXA&dl=1, [Mod] Airship [airship] - Minetest Forums, http://forum.minetest.net/viewtopic.php?f=11&t=6184
OdnetninI, brillantblocks, https://github.com/OdnetninI/Brilliant-Blocks-Minetest-Mod, [Mod] Brilliant Blocks [1.1] [brillantblocks] - Minetest Forums, http://forum.minetest.net/viewtopic.php?f=11&t=3531
Excalibur Zero, fireballs, https://github.com/rocketslime11/fireballs/, [Mod] Fireballs [3.4] [fireballs] - Minetest Forums, http://forum.minetest.net/viewtopic.php?f=11&t=6154
Calinou, hovers, https://dl.dropboxusercontent.com/u/82342922/minetest/carbone-mods/hovers.zip, [Mod] Hovers [hovers] - Minetest Forums, http://forum.minetest.net/viewtopic.php?f=11&t=10251
paramat, rain, https://github.com/paramat/rain/, [Mod] Rain [0.2.0] [rain] - Minetest Forums, http://forum.minetest.net/viewtopic.php?f=11&t=9915
Semmett9, christmas_craft, https://bitbucket.org/kingarthursteam/christmas_craft/, [Mod] bring the joy of xmas to minetest. [christmas_craft] - Minetest Forums, http://forum.minetest.net/viewtopic.php?f=11&t=7780
arsdragonfly, random_messages, https://github.com/arsdragonfly/random_messages/, [Mod] RandomMessages [random_messages] - Minetest Forums, http://forum.minetest.net/viewtopic.php?f=11&t=6306
nman3600, flags, http://lemonlake.nuclearstorm.net/flags/downloads/, [Mod] Flags [v.2.0] [flags] - Minetest Forums, http://forum.minetest.net/viewtopic.php?f=11&t=9801
wowiamdiamonds, unifiedbricks, https://github.com/wowiamdiamonds/unifiedbricks/, [Mod] Unified Bricks [20120716] [unifiedbricks] - Minetest Forums, http://forum.minetest.net/viewtopic.php?f=11&t=2383
Bas080, bees, https://github.com/bas080/bees/, [Mod] Bees and beekeeper  [2.0] [bees] - Minetest Forums, http://forum.minetest.net/viewtopic.php?f=11&t=6743
Semmett9, 3d_torch, https://bitbucket.org/kingarthursteam/3d-torches/issues, [Mod] Animated 3D torches [3d_torch] - Minetest Forums, http://forum.minetest.net/viewtopic.php?f=11&t=8352
Krock, materials, https://github.com/SmallJoker/materials/, [Mod] Go creative! Go! [materials] - Minetest Forums, http://forum.minetest.net/viewtopic.php?f=11&t=10147
Wuzzy, treasurer, https://forum.minetest.net/download/file.php?id=1301, [Mod] Treasurer [0.2.0] [treasurer] - Minetest Forums, http://forum.minetest.net/viewtopic.php?f=11&t=7292
captainfap, gems, https://github.com/captainLAD/gemsverison2/, [Mod] Gem tools [gems] - Minetest Forums, http://forum.minetest.net/viewtopic.php?f=11&t=4294
CraigyDavi, colouredstonebricks, https://github.com/CraigyDavi/colouredstonebricks/, [Mod] Coloured Stone Bricks [1.0] [colouredstonebricks] - Minetest Forums, http://forum.minetest.net/viewtopic.php?f=11&t=8784
Megaf, more_chests, https://github.com/Megaf/more_chests/, [Mod] More Chests [more_chests] - Minetest Forums, http://forum.minetest.net/viewtopic.php?f=11&t=9495
TheFifthJudge, katanas, https://github.com/TheFifthJudge/katanas/, [Mod] Katanas [katanas] - Minetest Forums, http://forum.minetest.net/viewtopic.php?f=11&t=10252
doyousketch2, stained_glass, https://github.com/doyousketch2/stained_glass/, [Mod] Stained Glass [1.2] [stained_glass] - new alpha support - Minetest Forums, http://forum.minetest.net/viewtopic.php?f=11&t=4904
rubenwardy, awards, https://github.com/rubenwardy/awards/, [Mod] Achievements [0.5] [awards]   HUD - Minetest Forums, http://forum.minetest.net/viewtopic.php?f=11&t=4870
lag01, teleports, https://github.com/AndrejIT/teleports/, [Mod] Teleports [0.1] [teleports] - Minetest Forums, http://forum.minetest.net/viewtopic.php?f=11&t=9850
Calinou, item_drop, https://dl.dropboxusercontent.com/u/82342922/minetest/carbone-mods/item_drop.zip, [Mod] Item Drop [item_drop] - Minetest Forums, http://forum.minetest.net/viewtopic.php?f=11&t=9638
yves_de_beck, noncubic, http://www.stedefreun.de/download/noncubic.7z, [Mod] NonCubic Blocks Mod [1.4] [noncubic] - Minetest Forums, http://forum.minetest.net/viewtopic.php?f=11&t=4297
randomproof, admin_tools, http://www.mediafire.com/?yvdqy9mbfk6lznb, [Mod] Admin Tools [admin_tools] - Minetest Forums, http://forum.minetest.net/viewtopic.php?f=11&t=1144
aldobr, mint, http://www.freesound.org, [Mod] Mint & Automatic Commerce Machines [mint] - Minetest Forums, http://forum.minetest.net/viewtopic.php?f=11&t=4111
paramat, nysauto, https://github.com/paramat/nysauto/, [Mod] Landscaping by command mapgen [0.2.0] [nysauto] - Minetest Forums, http://forum.minetest.net/viewtopic.php?f=11&t=10072
Krock, paint_roller, https://github.com/SmallJoker/paint_roller/, [Mod] Paint roller [paint_roller] - Minetest Forums, http://forum.minetest.net/viewtopic.php?f=11&t=9170
philipbenr, mtfoods, https://github.com/Philipbenr/mtfoods/, [Mod] Mtfoods! [1.5] [mtfoods] - Minetest Forums, http://forum.minetest.net/viewtopic.php?f=11&t=7064
Bad_Command_, fireextinguisher, https://github.com/Bad-Command/fireextinguisher/, [Mod] Fire Extingusher [1.00] [fireextinguisher] - Minetest Forums, http://forum.minetest.net/viewtopic.php?f=11&t=5175
Calinou, snow, https://dl.dropboxusercontent.com/u/82342922/minetest/carbone-mods/snow.zip, [Mod] Snow [snow] - Minetest Forums, http://forum.minetest.net/viewtopic.php?f=11&t=10099
Mitroman, magican, https://github.com/Mitroman/magican/, [Mod] Magican [0.1] [magican] - Minetest Forums, http://forum.minetest.net/viewtopic.php?f=11&t=9015
Sokomine, bridges, https://github.com/Sokomine/bridges/, [Mod] Bridges and handrails; including autobridge [bridges] - Minetest Forums, http://forum.minetest.net/viewtopic.php?f=11&t=3488
Wuzzy, colorcubes, https://repo.or.cz/w/minetest_colorcubes/, [Mod] Color Cubes [0.2] [colorcubes] - Minetest Forums, http://forum.minetest.net/viewtopic.php?f=11&t=9486
Sokomine, windmil, https://github.com/Sokomine/windmill/, [mod] windmill [1.0][windmil] - Minetest Forums, http://forum.minetest.net/viewtopic.php?f=11&t=7440
rubenwardy, forceload, https://github.com/rubenwardy/forceload/, [Mod] Forceload Anchor [20140827] [forceload] - Minetest Forums, http://forum.minetest.net/viewtopic.php?f=11&t=10006
Krock, channels, https://github.com/SmallJoker/channels/, [Mod] Chat channels [channels] - Minetest Forums, http://forum.minetest.net/viewtopic.php?f=11&t=9793
MasterGollum, darkage, https://github.com/MasterGollum/darkage/, [Mod] DarkAge [0.4] [darkage] - Minetest Forums, http://forum.minetest.net/viewtopic.php?f=11&t=3213
VanessaE, gloopblocks, https://github.com/VanessaE/gloopblocks/, [Mod] Gloop Blocks [20140529] [gloopblocks] - Minetest Forums, http://forum.minetest.net/viewtopic.php?f=11&t=4019
JKMurray, jkmod, https://github.com/JKMurray/JKFarming, [Mod] JKMod [15.9.2013] [jkmod] - Minetest Forums, http://forum.minetest.net/viewtopic.php?f=11&t=7038
Calinou, bones, https://dl.dropboxusercontent.com/u/82342922/minetest/carbone-mods/bones.zip, [Mod] Bones [bones] - Minetest Forums, http://forum.minetest.net/viewtopic.php?f=11&t=10020
cactuz_pl, alphabet, https://www.dropbox.com/s/ow8niy0gdlq1ixg/alphabet.zip?dl=1, [Mod] Alphabet [alphabet] - Minetest Forums, http://forum.minetest.net/viewtopic.php?f=11&t=2312
Zeg9, zmobs, https://github.com/Zeg9/minetest-zmobs/, [Mod] Zeg's Mobs and Lava Temple [zmobs] - Minetest Forums, http://forum.minetest.net/viewtopic.php?f=11&t=5820
Doc, docfarming, http://tffs.castraponere.com/files/minetest/docfarming-1.1.1.zip, [Mod] Doc-Farming! [1.0] [docfarming] - Minetest Forums, http://forum.minetest.net/viewtopic.php?f=11&t=3948
Zeg9, itemframes, https://github.com/Zeg9/minetest-itemframes/, [Mod] Item frames and pedestal [github] [itemframes] - Minetest Forums, http://forum.minetest.net/viewtopic.php?f=11&t=5600
PilzAdam, beds, https://github.com/PilzAdam/beds/, [Mod] Beds [beds] - Minetest Forums, http://forum.minetest.net/viewtopic.php?f=11&t=2625
deivan, DOM-modpack-all, http://www.novoseusadosinformatica.com.br/arq/minetest/DOM-modpack-all.zip, [Modpack] DOM [DOM-modpack-all] - Minetest Forums, http://forum.minetest.net/viewtopic.php?f=11&t=5617
sdzen, building_blocks, https://gitorious.org/building-blocks-mod/building_blocks/archive-tarball/master, [Mod] Building Blocks [ ] [building_blocks] - Minetest Forums, http://forum.minetest.net/viewtopic.php?f=11&t=674
paramat, spacesuit, https://github.com/paramat/spacesuit/, [Mod] Spacesuit [0.2.0] [spacesuit] - Minetest Forums, http://forum.minetest.net/viewtopic.php?f=11&t=5508
philipbenr, variator, https://github.com/Philipbenr/variator/, [Modpack] Variator [variator] [1.1] WIP - Minetest Forums, http://forum.minetest.net/viewtopic.php?f=11&t=8128
Nemin32, nnt, https://github.com/Nemin32/NNT/, [Mod] New New Timber [nnt] - Minetest Forums, http://forum.minetest.net/viewtopic.php?f=11&t=9937
jaandrle, meseingravel, https://github.com/jaandrle/meseingravel/, [Mod] Mese crystal (fragments) in gravel [1.5][meseingravel] - Minetest Forums, http://forum.minetest.net/viewtopic.php?f=11&t=9633
stu, hovercraft, https://github.com/stujones11/hovercraft/, [Mod] Simple Hovercraft [0.1.1] [hovercraft] - Minetest Forums, http://forum.minetest.net/viewtopic.php?f=11&t=6722
Calinou, jumping, https://dl.dropboxusercontent.com/u/82342922/minetest/carbone-mods/jumping.zip, [Mod] Trampolines & cushions [jumping] - Minetest Forums, http://forum.minetest.net/viewtopic.php?f=11&t=9891
Aqua, mailbox, https://www.dropbox.com/s/ff3hpgz1y0tjpct/mailbox.zip, [Mod] Mailbox! [4.0] [mailbox] - Updated to version 4 {Send Ability} - Minetest Forums, http://forum.minetest.net/viewtopic.php?f=11&t=3285
paramat, catacomb, https://github.com/paramat/catacomb/, [Mod] Unlimited dungeon generator [0.3.7] [catacomb] - Minetest Forums, http://forum.minetest.net/viewtopic.php?f=11&t=9896
Gl nggi, columnia, https://github.com/Glunggi/columnia/, [Mod] Columnia [columnia] - Minetest Forums, http://forum.minetest.net/viewtopic.php?f=11&t=9892
Bad_Command_, vendor, https://github.com/Bad-Command/vendor/, [Mod] Vending Machines [1.02] [vendor] - Minetest Commerce - Minetest Forums, http://forum.minetest.net/viewtopic.php?f=11&t=3039
Calinou, itemframes, https://dl.dropboxusercontent.com/u/82342922/minetest/carbone-mods/itemframes.zip, [Mod] Item Frames [itemframes] - Minetest Forums, http://forum.minetest.net/viewtopic.php?f=11&t=9636
paramat, intersecting, https://github.com/paramat/intersecting/, [Mod] Tunnel / fissure networks [0.3.2] [intersecting] - Minetest Forums, http://forum.minetest.net/viewtopic.php?f=11&t=9521
PilzAdam, tnt, https://github.com/PilzAdam/TNT/, [Mod] TNT [tnt] - Minetest Forums, http://forum.minetest.net/viewtopic.php?f=11&t=2902
paramat, projects, https://github.com/paramat/projects/, [Mod] Generative architecture [0.1.7] [projects] - Minetest Forums, http://forum.minetest.net/viewtopic.php?f=11&t=9577
BrandonReese, whereis, https://forum.minetest.net/download/file.php?id=906, [Mod] Whereis [whereis] - Minetest Forums, http://forum.minetest.net/viewtopic.php?f=11&t=5932
InfinityProject, fireworks, https://dl.dropbox.com/u/82668184/fireworks%20V0.3.zip, [Mod] Fireworks [fireworks] - Minetest Forums, http://forum.minetest.net/viewtopic.php?f=11&t=3473
oOChainLynxOo, crackedstone, https://github.com/oOChainLynxOo/crackedstone/, [Mod] Cracked Stone [0.1.1] [crackedstone] - Minetest Forums, http://forum.minetest.net/viewtopic.php?f=11&t=9727
Zeg9, ufos, https://github.com/Zeg9/minetest-ufos/, [Mod] UFOs [ufos] - Minetest Forums, http://forum.minetest.net/viewtopic.php?f=11&t=4086
DevynCJohnson, senderman, https://github.com/DevynCJohnson/DCJ-Minetest-Mods, [Mod] Senderman [senderman] - Minetest Forums, http://forum.minetest.net/viewtopic.php?f=11&t=9623
Wuzzy, playertools, https://repo.or.cz/w/minetest_playertools/, [Mod] Player tools [1.2] [playertools] - Minetest Forums, http://forum.minetest.net/viewtopic.php?f=11&t=7498
madchicken13, mblocks, http://m13server.weebly.com/uploads/9/4/7/8/9478345/color_gss0.1.zip, [Mod] MoreBlocks (By: M13) [0.2][mblocks] - Minetest Forums, http://forum.minetest.net/viewtopic.php?f=11&t=2817
Wuzzy, magicbeans_w, https://repo.or.cz/w/minetest_magicbeans_w/, [Mod] Magic Beans Wuzzy s Fork [1.3] [magicbeans_w] - Minetest Forums, http://forum.minetest.net/viewtopic.php?f=11&t=9691
Krock, noisetest, https://github.com/SmallJoker/noisetest/, [Mod] 3-biome mapgen [noisetest] - Minetest Forums, http://forum.minetest.net/viewtopic.php?f=11&t=9331
Mitroman, moreslabs, https://github.com/Mitroman/moreslabs/, [Mod] Wool slabs and stairs [0.1] [moreslabs] - Minetest Forums, http://forum.minetest.net/viewtopic.php?f=11&t=9732
Doc, camomod, http://tffs.castraponere.com/files/minetest/camomod-1.0.zip, [Mod] Camouflage Mod [camomod] - Minetest Forums, http://forum.minetest.net/viewtopic.php?f=11&t=3637
webdesigner97, parachute, https://github.com/webdesigner97/parachute/, [Mod] Parachutes [0.1] [parachute]   bug fixes and crafting - Minetest Forums, http://forum.minetest.net/viewtopic.php?f=11&t=9693
Calinou, builtin_item, https://dl.dropboxusercontent.com/u/82342922/minetest/carbone-mods/builtin_item.zip, [Mod] Builtin Item [builtin_item] - Minetest Forums, http://forum.minetest.net/viewtopic.php?f=11&t=9637
Calinou, paintings, https://dl.dropboxusercontent.com/u/82342922/minetest/carbone-mods/paintings.zip, [Mod] Paintings [paintings] - Minetest Forums, http://forum.minetest.net/viewtopic.php?f=11&t=9635
Doc, chains, http://tffs.castraponere.com/files/minetest/chains-mod-1.1.zip, [mod]Chains Mod [1.1][chains] - Minetest Forums, http://forum.minetest.net/viewtopic.php?f=11&t=3741
BlockMen, landscape, https://github.com/BlockMen/landscape/, [Mod] Landscape [0.1 beta] [landscape] - Minetest Forums, http://forum.minetest.net/viewtopic.php?f=11&t=5190
Wuzzy, pseudonodes, https://repo.or.cz/w/minetest_pseudonodes/, [Mod] Pseudo-Nodes [0.1] [pseudonodes] - Minetest Forums, http://forum.minetest.net/viewtopic.php?f=11&t=9630
Wuzzy, pedology, https://repo.or.cz/w/minetest_pedology/, [Mod] Pedology [3.0] [pedology] - Minetest Forums, http://forum.minetest.net/viewtopic.php?f=11&t=9429
cx384, special_picks, https://github.com/cx384/special_picks/, [Mod] Special Picks [special_picks] - Minetest Forums, http://forum.minetest.net/viewtopic.php?f=11&t=9574
kotolegokot, locked_sign, https://github.com/Kotolegokot/minetest-mod-locked_sign/, [Mod] Locked Sign [20130216] [locked_sign] - Minetest Forums, http://forum.minetest.net/viewtopic.php?f=11&t=2256
Krock, mining_plus, https://github.com/SmallJoker/mining_plus/, [Mod] Mining Plus [mining_plus] - Minetest Forums, http://forum.minetest.net/viewtopic.php?f=11&t=8095
Wuzzy, wateringcan, https://repo.or.cz/w/minetest_wateringcan/, [Mod] Watering Can [1.0] [wateringcan] - Minetest Forums, http://forum.minetest.net/viewtopic.php?f=11&t=9508
paramat, path, https://github.com/paramat/path/, [Mod] Generative road path network [0.3.2] [path] - Minetest Forums, http://forum.minetest.net/viewtopic.php?f=11&t=9306
Megaf, green_screen, https://github.com/Megaf/green_screen/, [Mod] Green screen [green_screen] - Minetest Forums, http://forum.minetest.net/viewtopic.php?f=11&t=9494
paramat, floatindev, https://github.com/paramat/floatindev/, [Mod] Unlimited floatland layer realm [0.3.0] [floatindev] - Minetest Forums, http://forum.minetest.net/viewtopic.php?f=11&t=8560
RHR, lantern, https://github.com/RHRhino/lantern/, [Mod] Lantern [v140318] [lantern] - Minetest Forums, http://forum.minetest.net/viewtopic.php?f=11&t=8718
redyeti, replicator, https://github.com/redyeti/minetest-replicator/, [Mod] Replicator [replicator] - Minetest Forums, http://forum.minetest.net/viewtopic.php?f=11&t=9504
Megaf, fire, https://github.com/Megaf/fire/, [Mod] Fire [fire]   yet another non-spreadable fire - Minetest Forums, http://forum.minetest.net/viewtopic.php?f=11&t=9493
Mitroman, match, https://github.com/Mitroman/match/, [Mod] Match 0.1 [match] [github] - Minetest Forums, http://forum.minetest.net/viewtopic.php?f=11&t=9492
rubenwardy, chatplus, https://github.com/rubenwardy/chatplus/, [Mod] Chat plus [0.6] [chatplus]   Inbox GUI - Minetest Forums, http://forum.minetest.net/viewtopic.php?f=11&t=6273
pagliaccio, laser_mod, https://github.com/pagliaccio/laser_mod/, [Mod] Laser Sword [0.1] [laser_mod] - Minetest Forums, http://forum.minetest.net/viewtopic.php?f=11&t=2632
scifiboi, thaumtest, https://www.dropbox.com/s/kakkrxu3voapx3d/thaumtest.zip, [Mod] Thaumtest [2.1] [thaumtest] - Minetest Forums, http://forum.minetest.net/viewtopic.php?f=11&t=5850
rubenwardy, jump, https://github.com/rubenwardy/jump/, [Mod] Jump Challenge [0.1] [jump]   get as far as you can - Minetest Forums, http://forum.minetest.net/viewtopic.php?f=11&t=9326
Excalibur Zero, brazier, https://github.com/ExcaliburZero/brazier/, [Mod] Fire Braziers [1.2] [brazier] - Minetest Forums, http://forum.minetest.net/viewtopic.php?f=11&t=9273
DanteLives, scaffolding, https://bitbucket.org/DanteLives/scaffolding/, [Mod] Scaffolding [v2] [scaffolding] - Minetest Forums, http://forum.minetest.net/viewtopic.php?f=11&t=3205
paramat, fracture, https://github.com/paramat/fracture/, [Mod] 3D noise floatlands [0.2.0] [fracture] - Minetest Forums, http://forum.minetest.net/viewtopic.php?f=11&t=9175
paramat, highlandpools, https://github.com/paramat/highlandpools/, [Mod] Above sea level pools in mapgen v6 [0.1.1] [highlandpools] - Minetest Forums, http://forum.minetest.net/viewtopic.php?f=11&t=8400
Evergreen, ban_hammer, https://github.com/4Evergreen4/ban_hammer/, [Mod] Ban Hammer [0.2.1] [ban_hammer] - Minetest Forums, http://forum.minetest.net/viewtopic.php?f=11&t=9032
ElectricSolstice, voltbuild, https://github.com/ElectricSolstice/voltbuild/, [MOD] voltbuild a fork of itest [voltbuild] - Minetest Forums, http://forum.minetest.net/viewtopic.php?f=11&t=7118
SegFault22, components, https://drive.google.com/folderview?id=0B1s9eokqvkOKd2d2VUhUdm41Wnc&usp=sharing, [Mod] Components [0.8.2] [components] - Minetest Forums, http://forum.minetest.net/viewtopic.php?f=11&t=8986
SegFault22, glowcrystals, https://drive.google.com/folderview?id=0B1s9eokqvkOKRjg5UzVHZkNGLUE&usp=sharing, [Mod] Glowing Crystals [0.8.2] [glowcrystals] - Minetest Forums, http://forum.minetest.net/viewtopic.php?f=11&t=9047
paramat, watershedminimal, https://github.com/paramat/watershedminimal/, [Mod] Watershed minimal [0.2.0] [watershedminimal] - Minetest Forums, http://forum.minetest.net/viewtopic.php?f=11&t=9110
Krock, player_notes, https://github.com/SmallJoker/player_notes/, [Mod] Player notes [player_notes] - Minetest Forums, http://forum.minetest.net/viewtopic.php?f=11&t=9011
rubenwardy, diet, https://github.com/rubenwardy/diet/, [Mod] Diet [0.1] [diet] - Minetest Forums, http://forum.minetest.net/viewtopic.php?f=11&t=9051
Splizard, gates, https://github.com/Splizard/minetest-mod-gates/, [Mod] Gates [1.8] [gates] - Minetest Forums, http://forum.minetest.net/viewtopic.php?f=11&t=896
cornernote, workbench, https://github.com/cornernote/minetest-workbench/, [Mod] Workbench - 3x3 4x4 5x5 [20121003][workbench] - Minetest Forums, http://forum.minetest.net/viewtopic.php?f=11&t=3275
rubenwardy, food_sweet, https://github.com/rubenwardy/food_sweet/, [Mod] Sweet Foods [0.2] [food_sweet]   support food 2.3 - Minetest Forums, http://forum.minetest.net/viewtopic.php?f=11&t=9039
kaeza, intllib, https://github.com/kaeza/minetest-intllib/, [Mod] Internationalization Library [0.1.0] [intllib] - Minetest Forums, http://forum.minetest.net/viewtopic.php?f=11&t=4929
paramat, dysoncube, https://github.com/paramat/dysoncube/, [Modpack] Dyson cube modpack [0.3.0] [dysoncube] - Minetest Forums, http://forum.minetest.net/viewtopic.php?f=11&t=7869
cornernote, deploy_nodes, https://github.com/cornernote/minetest-deploy_nodes/, [Mod] Deploy Nodes [deploy_nodes] nodes that turn into big structures - Minetest Forums, http://forum.minetest.net/viewtopic.php?f=11&t=3192
paramat, trail, https://github.com/paramat/trail/, [Mod] Footprints trails bubbles [0.2.1] [trail] - Minetest Forums, http://forum.minetest.net/viewtopic.php?f=11&t=6773
kotolegokot, money, https://github.com/Kotolegokot/minetest-mod-money/, [Mod] Money (or Economy) [201207] [money] - Minetest Forums, http://forum.minetest.net/viewtopic.php?f=11&t=2263
Zeg9, weirdores, https://github.com/Zeg9/minetest-weirdores/, [Mod] Weird ores (and antigravity) [github] [weirdores] - Minetest Forums, http://forum.minetest.net/viewtopic.php?f=11&t=5721
webdesigner97, camouflage, https://www.dropbox.com/s/39hu8s6xzb65vgp/camouflage.zip, [Mod] Camouflage [1.0] [camouflage] - Minetest Forums, http://forum.minetest.net/viewtopic.php?f=11&t=5312
BlockMen, flint, https://www.dropbox.com/s/23dsmjpws3kk2ox/flint-0_2-BlockMen.zip, [Mod] Flintstone [0.2 beta] [flint] - Minetest Forums, http://forum.minetest.net/viewtopic.php?f=11&t=5031
wulfsdad, my_mobs, http://www.flickr.com/photos/hildigerr/8273410963/, [Mod] Additional Mobs Rotten Meat and Pet Cages [0.4] [my_mobs] - Minetest Forums, http://forum.minetest.net/viewtopic.php?f=11&t=4082
Mitroman, clock, https://github.com/Mitroman/Clock-Mod/, [Mod] Clock Mod [0.1] [clock] - Minetest Forums, http://forum.minetest.net/viewtopic.php?f=11&t=8966
jojoa1997, display_blocks, https://github.com/jojoa1997/display_blocks/, [Mod] Display Blocks [2.0] [display_blocks] - Minetest Forums, http://forum.minetest.net/viewtopic.php?f=11&t=4214
mrtux, infinitytools, https://github.com/vortexlabs/Infinity-Tools-mod, [Mod] Infinity Tools [0.2] [infinitytools] - Minetest Forums, http://forum.minetest.net/viewtopic.php?f=11&t=2535
Nemo08, roof, https://github.com/celeron55/minetest/tags, [Mod] Roof [0.5] [roof] - Minetest Forums, http://forum.minetest.net/viewtopic.php?f=11&t=1254
khonkhortisan, rubiks, https://github.com/khonkhortisan/rubiks/, [Mod] Rubik's Cube [0.2] [rubiks] - Minetest Forums, http://forum.minetest.net/viewtopic.php?f=11&t=3342
Traxie21, serverextended, https://github.com/Traxie21/ServerExtended/, [Modpack] ServerExtended [0.4-S/0.5pre2.2-U] [serverextended] - Minetest Forums, http://forum.minetest.net/viewtopic.php?f=11&t=4716
paramat, overgen, https://github.com/paramat/overgen/, [Mod] Overgeneration mapgen [0.1.2] [overgen] - Minetest Forums, http://forum.minetest.net/viewtopic.php?f=11&t=8896
ShadowNinja, whitelist, https://github.com/ShadowNinja/whitelist/, [Mod] White list [whitelist] - Minetest Forums, http://forum.minetest.net/viewtopic.php?f=11&t=8434
Bas080, flags, https://github.com/bas080/flags/, [Mod] Flags [1.1] [flags] - Minetest Forums, http://forum.minetest.net/viewtopic.php?f=11&t=2484
paramat, stability, https://github.com/paramat/stability/, [Mod] Mudflow mapgen [0.3.0] [stability] - Minetest Forums, http://forum.minetest.net/viewtopic.php?f=11&t=8483
cornernote, armor, https://github.com/cornernote/minetest-armor/, [Mod] Armor [armor] Craft and attach armor to your inventory. - Minetest Forums, http://forum.minetest.net/viewtopic.php?f=11&t=3099
PilzAdam, 3d_player, https://github.com/PilzAdam/3d_player/, [Mod] 3D Players [3d_player] - Minetest Forums, http://forum.minetest.net/viewtopic.php?f=11&t=3585
cornernote, inventory_plus, https://github.com/cornernote/minetest-inventory_plus/, [Mod] Inventory Plus [inventory_plus] additional formspec buttons - Minetest Forums, http://forum.minetest.net/viewtopic.php?f=11&t=3100
Bas080, jungletree, https://github.com/bas080/habitat/zipball/master, [Mod] Jungle Trees [1] [jungletree] - Minetest Forums, http://forum.minetest.net/viewtopic.php?f=11&t=2887
thefamilygrog66, lrfurn, https://github.com/thefamilygrog66/lrfurn/, [Mod] Living Room Furniture [1.1] [lrfurn] - Minetest Forums, http://forum.minetest.net/viewtopic.php?f=11&t=5407
paramat, rainforest, https://github.com/paramat/rainforest/, [Mod] Rainforest for mapgen v6 [0.1.2] [rainforest] - Minetest Forums, http://forum.minetest.net/viewtopic.php?f=11&t=8862
rubenwardy, smartfs, https://github.com/rubenwardy/smartfs/, [Mod] [Lib] Smart Formspecs [1.1 -!- inventory_plus support][smartfs] - Minetest Forums, http://forum.minetest.net/viewtopic.php?f=11&t=7553
Hiradur, player_hash_skins, https://github.com/Hiradur/player_hash_skin, [Mod] Player textures by hash code [player_hash_skins] - Minetest Forums, http://forum.minetest.net/viewtopic.php?f=11&t=8813
Evergreen, death_messages, https://github.com/4Evergreen4/death_messages/, [Mod]Death Messages[0.1.2 beta][death_messages] - Minetest Forums, http://forum.minetest.net/viewtopic.php?f=11&t=8821
Enke, inlaid, https://github.com/NANOsoldierEnke/Inlaid/, [Mod] Inlay Node [1.2] [inlaid] - Minetest Forums, http://forum.minetest.net/viewtopic.php?f=11&t=7807
Chinchow, extrachests, http://www.mediafire.com/?bsa52g6sqil91s1, [Mod] Extra Chests [extrachests] - Minetest Forums, http://forum.minetest.net/viewtopic.php?f=11&t=3580
kaeza, no_guests, http://bit.ly/17rwA0n, [Mod] No More Guests! [no_guests] - Minetest Forums, http://forum.minetest.net/viewtopic.php?f=11&t=8004
kotolegokot, locked_furnace, https://github.com/Kotolegokot/minetest-mod-locked_furnace/, [Mod] Locked Furnace [20120813] [locked_furnace] - Minetest Forums, http://forum.minetest.net/viewtopic.php?f=11&t=2779
ironzorg, magic_latern, http://mediafire.com/?7yaczanysm5s5mc, [Mod] Magic Lantern [magic_latern] - Minetest Forums, http://forum.minetest.net/viewtopic.php?f=11&t=521
cornernote, home_gui, https://github.com/cornernote/minetest-home_gui/, [Mod] Home GUI [home_gui] Set and go home using inventory. - Minetest Forums, http://forum.minetest.net/viewtopic.php?f=11&t=3101
Casimir, stoneage, https://github.com/CasimirKaPazi/stoneage/, [Mod] Stoneage flint and fire [stoneage] - Minetest Forums, http://forum.minetest.net/viewtopic.php?f=11&t=3388
Minearriatest, jungletools, https://github.com/asgasg/jungletools/, [Mod] Jungle Tools (With special abilities) [jungletools] - Minetest Forums, http://forum.minetest.net/viewtopic.php?f=11&t=8149
paramat, archipelago, https://github.com/paramat/archipelago/, [Mod] Archipelago mapgen [0.2.2] [archipelago] - Minetest Forums, http://forum.minetest.net/viewtopic.php?f=11&t=8386
ShadowNinja, memo, https://github.com/ShadowNinja/memo/, [Mod] Send memos for players to receive when they come online [memo] - Minetest Forums, http://forum.minetest.net/viewtopic.php?f=11&t=8435
qwrwed, lightsplus, https://github.com/qwrwed/lightsplus/, [Mod] Lights+ [12112013] [lightsplus] - Minetest Forums, http://forum.minetest.net/viewtopic.php?f=11&t=3332
deivan, watch, http://www.novoseusadosinformatica.com.br/arq/minetest/DOM-modpack-watch.zip, [Mod] Watch [watch] - Minetest Forums, http://forum.minetest.net/viewtopic.php?f=11&t=5615
sapier, factions, https://github.com/sapier/factions/, [Mod] Factions (sapier's) [0.1.5] [factions] - Minetest Forums, http://forum.minetest.net/viewtopic.php?f=11&t=5919
Krock, bamboo, https://github.com/SmallJoker/bamboo/, [Mod] Bamboo [bamboo] - Minetest Forums, http://forum.minetest.net/viewtopic.php?f=11&t=8289
qwrwed, plasmascreen, https://github.com/qwrwed/plasmascreen/, [Mod] Plasma Screen TV [20130728] [plasmascreen] - Minetest Forums, http://forum.minetest.net/viewtopic.php?f=11&t=6706
paramat, island, https://github.com/paramat/island/, [Mod] Island world mapgen [0.2.3] [island] - Minetest Forums, http://forum.minetest.net/viewtopic.php?f=11&t=8066
paramat, multigrav, https://github.com/paramat/multigrav/, [Mod] Multi per player custom gravity and jump [0.1.1] [multigrav] - Minetest Forums, http://forum.minetest.net/viewtopic.php?f=11&t=7224
PilzAdam, stats, https://github.com/PilzAdam/stats/, [Mod] Stats [stats] - Minetest Forums, http://forum.minetest.net/viewtopic.php?f=11&t=8127
pandaro, player_radar, https://github.com/pandaro/player_radar/, [Mod] Player Radar - hud rehub [player_radar] [0.2] - Minetest Forums, http://forum.minetest.net/viewtopic.php?f=11&t=4835
rubenwardy, privilegeareas, https://github.com/rubenwardy/privilegeareas/, [Mod] Privilege Areas [0.1] [privilegeareas] - Minetest Forums, http://forum.minetest.net/viewtopic.php?f=11&t=5545
Ragnar, terror, http://gnadev.hj.cx/Minetest/terror_0_0_1a.tar.bz2, [Mod] Terror [terror] - Minetest Forums, http://forum.minetest.net/viewtopic.php?f=11&t=7294
qwrwed, grassblock, https://github.com/qwrwed/grassblock/, [mod] Hills [grassblock] - Minetest Forums, http://forum.minetest.net/viewtopic.php?f=11&t=3423
minermoder27, honeypots, https://github.com/minermoder27/minetest-honeypots/, [Mod] Honeypots [0.1.1] [honeypots] - Minetest Forums, http://forum.minetest.net/viewtopic.php?f=11&t=8063
Menche, desert_uses, https://gitorious.org/minetest_mods_menche/desert_uses, [Mod] More Useful Deserts [4] [desert_uses] - Minetest Forums, http://forum.minetest.net/viewtopic.php?f=11&t=3761
BlockMen, jukebox, https://www.dropbox.com/s/h7ojg0relazp9fr/jukebox-1_0-BlockMen.zip, [Mod] Jukebox [1.0] [jukebox] - Minetest Forums, http://forum.minetest.net/viewtopic.php?f=11&t=5913
cornernote, worldedit_gui, https://github.com/cornernote/minetest-worldedit_gui/, [Mod] WorldEdit GUI [worldedit_gui] Player interface for worldedit - Minetest Forums, http://forum.minetest.net/viewtopic.php?f=11&t=3112
derpswa99, bettercoal, http://www.mediafire.com/download/3iax2r0m6523zie/bettercoal+%5B1.0%5D.zip, [Mod] Better Coal [1.0] [bettercoal] - Minetest Forums, http://forum.minetest.net/viewtopic.php?f=11&t=7963
Echo, compass, https://github.com/xyzz/minetest-mods/tree/master/sethome, [Mod] Compass [0.5] [compass] - Minetest Forums, http://forum.minetest.net/viewtopic.php?f=11&t=3785
paramat, nomoon, https://github.com/paramat/nomoon/, [Mod] Spherical moon [0.1.0] [nomoon] - Minetest Forums, http://forum.minetest.net/viewtopic.php?f=11&t=6128
Casimir, unternull, https://github.com/CasimirKaPazi/unternull/, [Modpack] Unter Null [unternull] - Minetest Forums, http://forum.minetest.net/viewtopic.php?f=11&t=6888
paramat, asteroid, https://github.com/paramat/asteroid/, [Mod] Asteroid and comet realm [0.4.4] [asteroid] - Minetest Forums, http://forum.minetest.net/viewtopic.php?f=11&t=6674
Jordach, woolcraft, https://github.com/Jordach/woolcraft/, [Mod] Woolcraft! [0.1] [woolcraft] - Minetest Forums, http://forum.minetest.net/viewtopic.php?f=11&t=3072
Bas080, trees, https://github.com/bas080/trees/, [Mod] Tiny Trees [1.5] [trees] - Minetest Forums, http://forum.minetest.net/viewtopic.php?f=11&t=5713
minermoder27, creativeinv, https://github.com/minermoder27/minetest-creative/, [Mod] Better Creative Inventory [0.1] [creativeinv] - Minetest Forums, http://forum.minetest.net/viewtopic.php?f=11&t=7801
Doc, campfire, https://github.com/Doc22/campfire-mod/, [Mod] Campfires [campfire] - Minetest Forums, http://forum.minetest.net/viewtopic.php?f=11&t=3794
minermoder27, str_helpers, https://github.com/minermoder27/minetest-str_helpers/, [Mod] string helpers - string library [0.1] [str_helpers] - Minetest Forums, http://forum.minetest.net/viewtopic.php?f=11&t=7800
deivan, lavacooling, http://www.novoseusadosinformatica.com.br/arq/minetest/DOM-modpack-lavacooling.zip, [Mod] Lava Cooling Renewed [lavacooling] - Minetest Forums, http://forum.minetest.net/viewtopic.php?f=11&t=5185
paramat, vrealm, https://github.com/paramat/vrealm/, [Mod] Fast generating vertical realm [0.3.0] [vrealm] - Minetest Forums, http://forum.minetest.net/viewtopic.php?f=11&t=7742
BlockMen, mines, https://www.dropbox.com/s/e3i5ni65g97m0d7/mines-0_3-BlockMen.zip, [Mod] Mines [0.3 beta] [mines] - Minetest Forums, http://forum.minetest.net/viewtopic.php?f=11&t=6307
Esteban, mod3, https://forum.minetest.net/download/file.php?id=120, [Mod]  Paintings and Picture Frame (1.0) [mod3] - Minetest Forums, http://forum.minetest.net/viewtopic.php?f=11&t=7490
BlockMen, glowstone, https://www.dropbox.com/s/a6u2sdngxiurcvk/glowstone-1_2-BlockMen.zip, [Mod] Glowstone [1.2] [glowstone] - Minetest Forums, http://forum.minetest.net/viewtopic.php?f=11&t=4939
paramat, slabrealm, https://github.com/paramat/slabrealm/, [Mod] Halfslab terrain Ringworld colony [0.5.1] [slabrealm] - Minetest Forums, http://forum.minetest.net/viewtopic.php?f=11&t=5686
xyz, signs, http://mods.minetest.ru/signs/signs-2.zip, [Mod] Signs [2] [signs] - Minetest Forums, http://forum.minetest.net/viewtopic.php?f=11&t=2736
Evergreen, minetest_tweaks, https://github.com/4Evergreen4/minetest-tweaks/archive/master.zip, [Mod]Minetest Tweaks[0.1][minetest_tweaks] - Minetest Forums, http://forum.minetest.net/viewtopic.php?f=11&t=7637
paramat, flolands, https://github.com/paramat/flolands/, [Mod] Float lands [0.3.0] [flolands] - Minetest Forums, http://forum.minetest.net/viewtopic.php?f=11&t=4776
paramat, slabrealm, http://www.mediafire.com/download/x8w6knl1jx0jkk5/slabworld010paramat.zip, [Mod] Mini Ringworld [0.1.0] [slabrealm] - Minetest Forums, http://forum.minetest.net/viewtopic.php?f=11&t=6726
general3214, mccarpet, https://copy.com/esCD9ccG2tjr9i6i/mccarpet.zip?download=1, [Mod] Carpets [mccarpet] - Minetest Forums, http://forum.minetest.net/viewtopic.php?f=11&t=7419
Jordach, carpet, https://github.com/Jordach/carpets-mod/, [Mod] Carpet [1] [carpet] - Minetest Forums, http://forum.minetest.net/viewtopic.php?f=11&t=2875
general3214, useless_mod, https://github.com/general3214/useless_mod/, [Mod] Useless Mod [20131012] [useless_mod] - Minetest Forums, http://forum.minetest.net/viewtopic.php?f=11&t=7377
PilzAdam, builtin_item, https://github.com/PilzAdam/builtin_item/, [Mod] Item features [builtin_item] - Minetest Forums, http://forum.minetest.net/viewtopic.php?f=11&t=3188
thefamilygrog66, heads, https://github.com/thefamilygrog66/heads/, [Mod] Bring Me The Head [1.3] [heads] - Minetest Forums, http://forum.minetest.net/viewtopic.php?f=11&t=7020
paramat, flatten, https://github.com/paramat/flatten/, [Mod] Flat area generator for towns etc. [0.3.1] [flatten] - Minetest Forums, http://forum.minetest.net/viewtopic.php?f=11&t=6959
fairiestoy, chat_channel, https://github.com/fairiestoy/chat_channel/, [Mod] Chat channel [v2.1] [chat_channel] (chatplus merged) - Minetest Forums, http://forum.minetest.net/viewtopic.php?f=11&t=6800
VanessaE, unifieddyes, https://github.com/VanessaE/unifieddyes/, [Mod] Unified Dyes [20130721][unifieddyes] - Minetest Forums, http://forum.minetest.net/viewtopic.php?f=11&t=2178
thefamilygrog66, spawneggs, https://github.com/thefamilygrog66/spawneggs/, [Mod] Mob Spawn Eggs [1.1] [spawneggs] - Minetest Forums, http://forum.minetest.net/viewtopic.php?f=11&t=6214
thefamilygrog66, maze, https://github.com/thefamilygrog66/maze/, [Mod] Hedge Maze [1.2] [maze] - Minetest Forums, http://forum.minetest.net/viewtopic.php?f=11&t=7210
JBR, greenscreens, https://dl.dropboxusercontent.com/s/9ynt4m16ngg8cii/greenscreens.zip?token_hash=AAGHWbWlmoXrg4gjphDcpoMk37-wLWLoppL5pEkwpxSl-w&dl=1, [Mod] Green Screens [greenscreens] - Minetest Forums, http://forum.minetest.net/viewtopic.php?f=11&t=6228
Bas080, mtpaint, https://github.com/bas080/mtpaint/, [Mod] MTPaint [0.3] [mtpaint] - Minetest Forums, http://forum.minetest.net/viewtopic.php?f=11&t=5674
kaeza, soccer, https://github.com/kaeza/minetest-soccer/, [Mod] Soccer [0.1.0] [soccer] - Minetest Forums, http://forum.minetest.net/viewtopic.php?f=11&t=6104
Bas080, dualport, https://github.com/bas080/dualport/, [Mod] DualPorter [2.0] [dualport] - Minetest Forums, http://forum.minetest.net/viewtopic.php?f=11&t=5135
deivan, cgmr, http://www.novoseusadosinformatica.com.br/arq/minetest/DOM-modpack-cgmr.zip, [Mod] Craft Guide Mod Renewed [cgmr] - Minetest Forums, http://forum.minetest.net/viewtopic.php?f=11&t=5076
Bas080, inbox, https://github.com/bas080/inbox/, [Mod] Inbox [1] [inbox] - Minetest Forums, http://forum.minetest.net/viewtopic.php?f=11&t=7040
PenguinDad, morefences, https://github.com/PenguinDad/morefences/, [Mod] More Fences [2013-08-12][morefences] - Minetest Forums, http://forum.minetest.net/viewtopic.php?f=11&t=6649
Casimir, stairsplus, https://github.com/CasimirKaPazi/stairsplus/, [Mod] Stairsplus2 [stairsplus] - Minetest Forums, http://forum.minetest.net/viewtopic.php?f=11&t=6140
paramat, volcano, https://github.com/paramat/volcano/, [Mod] Magma conduits and volcanos [0.1.1] [volcano] - Minetest Forums, http://forum.minetest.net/viewtopic.php?f=11&t=6578
0gb.us, inventory_plus, https://github.com/0gb-us/inventory_plus/, [Mod] Inventory Plus [20120917.1] [inventory_plus] - Minetest Forums, http://forum.minetest.net/viewtopic.php?f=11&t=3876
xyz, xfences, https://github.com/downloads/xyzz/minetest-mods/xfences.zip, [Mod] xFences [xfences] - Minetest Forums, http://forum.minetest.net/viewtopic.php?f=11&t=2127
Traxie21, creativechanger, https://github.com/Traxie21/CreativeChanger/, [Mod] [GitHub] CreativeChanger - per-player gamemode [creativechanger] - Minetest Forums, http://forum.minetest.net/viewtopic.php?f=11&t=5399
deivan, workbench, http://www.novoseusadosinformatica.com.br/arq/minetest/DOM-modpack-workbench.zip, [Mod] Advanced Workbench mod [workbench] - Minetest Forums, http://forum.minetest.net/viewtopic.php?f=11&t=5595
Jeija, creative, https://drive.google.com/file/d/0B4t5DpaX0or8UkRaMnRmRERscms/view?usp=sharing, [Mod] Search the creative inventory [creative] - Minetest Forums, http://forum.minetest.net/viewtopic.php?f=11&t=3589
sfan5, weblock, https://dl.dropboxusercontent.com/u/30267315/Minetest/weblock-v02.zip, [Mod] WeBlock [v02] [weblock] - Minetest Forums, http://forum.minetest.net/viewtopic.php?f=11&t=6313
Hybrid Dog, trashcan, https://github.com/HybridDog/trashcan/, [Mod] Trash Can [trashcan] - Minetest Forums, http://forum.minetest.net/viewtopic.php?f=11&t=4339
Zeg9, teleporters, https://github.com/Zeg9/minetest-teleporters/, [Mod] Teleporters (linking finally updated) [teleporters] - Minetest Forums, http://forum.minetest.net/viewtopic.php?f=11&t=3631
BlockMen, diamond_fist, https://www.dropbox.com/s/auxe8jrh8hz2hag/diamond_fist-1_0-BlockMen.zip, [Mod] Diamond Fist [1.0] [diamond_fist] - Minetest Forums, http://forum.minetest.net/viewtopic.php?f=11&t=6080
Hybrid Dog, superpick, https://github.com/HybridDog/superpick/, [Mod] Superpickaxe [superpick] - Minetest Forums, http://forum.minetest.net/viewtopic.php?f=11&t=3691
rubenwardy, traps, https://github.com/rubenwardy/traps/, [Mod] Traps Mod [1.3] [traps] - Minetest Forums, http://forum.minetest.net/viewtopic.php?f=11&t=2838
Casimir, paths, https://github.com/CasimirKaPazi/paths/, [Mod] Desire path [paths] - Minetest Forums, http://forum.minetest.net/viewtopic.php?f=11&t=3390
PilzAdam, wireworld, https://github.com/PilzAdam/wireworld/, [Mod] Wireworld [wireworld] - Minetest Forums, http://forum.minetest.net/viewtopic.php?f=11&t=3605
paramat, fissure, https://github.com/paramat/fissure/, [Mod] Fissure systems and lux ore [0.1.1] [fissure] - Minetest Forums, http://forum.minetest.net/viewtopic.php?f=11&t=5973
paramat, chasm, https://github.com/paramat/chasm/, [Mod] Chasm systems [0.3.0] [chasm] - Minetest Forums, http://forum.minetest.net/viewtopic.php?f=11&t=4985
Excalibur Zero, glowblocks, https://github.com/rocketslime11/glowblocks/, [Mod] Glow Blocks [1.1] [glowblocks] - Minetest Forums, http://forum.minetest.net/viewtopic.php?f=11&t=5935
RAPHAEL, industrial, https://github.com/TheZenKitteh/minetest-industrial/, [Mod] Industrial Mod [0.0.7] [industrial] - Minetest Forums, http://forum.minetest.net/viewtopic.php?f=11&t=692
Hybrid Dog, lavacooling, https://github.com/HybridDog/lavacooling/, [Mod] Lavacooling [lavacooling] - Minetest Forums, http://forum.minetest.net/viewtopic.php?f=11&t=3806
paramat, moonlet, https://github.com/paramat/moonlet/, [Mod] Orange moonlet / realm generator [0.1.0] [moonlet] - Minetest Forums, http://forum.minetest.net/viewtopic.php?f=11&t=5579
randomproof, clock, http://www.mediafire.com/?6dwpv41w5ur7lej, [Mod] Clock [clock] - Minetest Forums, http://forum.minetest.net/viewtopic.php?f=11&t=807
Jeija, jumping, https://github.com/Jeija/minetest-mod-jumping/, [Mod] Jumping [GitHub] [jumping] - Minetest Forums, http://forum.minetest.net/viewtopic.php?f=11&t=2957
Zeg9, digicode, http://ge.tt/api/1/files/60fIyYa/0/blob?download, [Mod] Mesecon digicode [0.2] [digicode] - Minetest Forums, http://forum.minetest.net/viewtopic.php?f=11&t=3617
Zeg9, exchange, https://github.com/Zeg9/minetest-exchange/, [Mod] Exchange [0.1] [exchange] - Minetest Forums, http://forum.minetest.net/viewtopic.php?f=11&t=3751
cornernote, no_mapgen, https://github.com/cornernote/minetest-no_mapgen/, [Mod] No Mapgen [no_mapgen] Generate a world with only air. - Minetest Forums, http://forum.minetest.net/viewtopic.php?f=11&t=3204
Bas080, civilization, https://github.com/bas080/civilization/, [Mod] Civilization [0.2] [civilization] - Minetest Forums, http://forum.minetest.net/viewtopic.php?f=11&t=5467
madchicken13, bigchests, http://modificationhelp.weebly.com/uploads/1/3/0/0/13008815/biggerchests.zip, [Mod] Big Chests [0.2] [bigchests] - Minetest Forums, http://forum.minetest.net/viewtopic.php?f=11&t=2558
ShadowNinja, irc_commands, https://github.com/ShadowNinja/minetest-irc_commands/, [Mod] Server login over IRC [irc_commands] - Minetest Forums, http://forum.minetest.net/viewtopic.php?f=11&t=5275
Bad_Command_, liquidclean, https://github.com/Bad-Command/liquiclean/archive/1.13.zip, [Mod] Liquid Cleanup Mod [1.13] [liquidclean] - Minetest Forums, http://forum.minetest.net/viewtopic.php?f=11&t=5149
BrandonReese, stairpick, https://github.com/Bremaweb/stairpick/, [Mod] Stair Pick [stairpick] - Minetest Forums, http://forum.minetest.net/viewtopic.php?f=11&t=4840
4aiman, shared_autoban, https://github.com/4aiman/shared_autoban/, [Mod] Shared automatic ban [v0.1.3 beta] [shared_autoban] - Minetest Forums, http://forum.minetest.net/viewtopic.php?f=11&t=4881
Bas080, firestone, https://github.com/bas080/firestone/, [Mod] Fireplace and Chimney [v1.1.7][firestone] - Minetest Forums, http://forum.minetest.net/viewtopic.php?f=11&t=4265
RAPHAEL, fakeblocks, https://github.com/TheZenKitteh/minetest-fakeblocks/, [Mod] Fake Blocks (0.0.2) [fakeblocks] - Minetest Forums, http://forum.minetest.net/viewtopic.php?f=11&t=3955
Bas080, falling_items, https://github.com/bas080/falling_items/, [Mod] Falling nodes [1.5] [falling_items] - Minetest Forums, http://forum.minetest.net/viewtopic.php?f=11&t=2476
RAPHAEL, various, https://github.com/TheZenKitteh/minetest-various/, [Mod] Various Mod [0.0.4] [various] - Minetest Forums, http://forum.minetest.net/viewtopic.php?f=11&t=1013
wowiamdiamonds, gems, https://github.com/wowiamdiamonds/gems/, [Mod] Encrustable Gems [gems] - Minetest Forums, http://forum.minetest.net/viewtopic.php?f=11&t=2596
Octupuslegs, octutool, https://github.com/Octupuslegs/Blocks/downloads, [Mod] Octu Tools [v2] [octutool] - Minetest Forums, http://forum.minetest.net/viewtopic.php?f=11&t=3958
Nubelite, armor, https://docs.google.com/open?id=0B4ukn3a4vjv3MmZhWlJxYzZOTlE, [Mod] Armor and Weapons [armor] - Minetest Forums, http://forum.minetest.net/viewtopic.php?f=11&t=3730
Shaun, restart, https://github.com/kizeren/minetest-restart/, [Mod] Restart [restart] - Minetest Forums, http://forum.minetest.net/viewtopic.php?f=11&t=4144
torusJKL, charcoal, https://github.com/torusJKL/charcoal/, [Mod] Charcoal Lump [0.2] [charcoal] - Minetest Forums, http://forum.minetest.net/viewtopic.php?f=11&t=3971
InfinityProject, xray, https://dl.dropbox.com/u/82668184/xray%200.3.zip, [Mod] Xray [xray] - need some help - Minetest Forums, http://forum.minetest.net/viewtopic.php?f=11&t=3191
Octupuslegs, octublock, https://github.com/Octupuslegs/Blocks/downloads, [Mod] Octu's Blocks [V4] [octublock] - Added glass - Minetest Forums, http://forum.minetest.net/viewtopic.php?f=11&t=3556
cornernote, bookmarks_gui, https://github.com/cornernote/minetest-bookmarks_gui/, [Mod] Bookmarks GUI [bookmarks_gui] - Minetest Forums, http://forum.minetest.net/viewtopic.php?f=11&t=3219
Jonjeg, localisation, https://github.com/Jonjeg/localisation/, [Mod] Localisation [1.1] [localisation] - Minetest Forums, http://forum.minetest.net/viewtopic.php?f=11&t=3264
kddekadenz, oneclick, http://www.filesplat.com/.kddekadenz/shared/oneclick.zip, [Mod] Oneclick block destroy [1.0] [oneclick] - Minetest Forums, http://forum.minetest.net/viewtopic.php?f=11&t=1307
cornernote, infinite_chest, https://github.com/cornernote/minetest-infinite_chest/, [Mod] Infinite Chest [infinite_chest] Never-ending chest slots. - Minetest Forums, http://forum.minetest.net/viewtopic.php?f=11&t=3053
kddekadenz, drippingwater, http://www.filesplat.com/.kddekadenz/shared/drippingwater.zip, [Mod] Dripping Water & Lava  [1.1] [drippingwater] - Minetest Forums, http://forum.minetest.net/viewtopic.php?f=11&t=1688
kahrl, away, https://github.com/kahrl/minetest-mod-away/, [Mod] Away Mod [1.0] [away] - Minetest Forums, http://forum.minetest.net/viewtopic.php?f=11&t=1211
Ragnarok, papyrus_door, http://db.tt/GifUEzxz, [Mod] Papyrus Door [20120823] [papyrus_door] - Minetest Forums, http://forum.minetest.net/viewtopic.php?f=11&t=2841
